-- phpMyAdmin SQL Dump
-- version 5.1.0
-- https://www.phpmyadmin.net/
--
-- Host: 127.0.0.1
-- Generation Time: Mar 27, 2022 at 07:19 AM
-- Server version: 10.4.18-MariaDB
-- PHP Version: 8.0.3

SET SQL_MODE = "NO_AUTO_VALUE_ON_ZERO";
START TRANSACTION;
SET time_zone = "+00:00";


/*!40101 SET @OLD_CHARACTER_SET_CLIENT=@@CHARACTER_SET_CLIENT */;
/*!40101 SET @OLD_CHARACTER_SET_RESULTS=@@CHARACTER_SET_RESULTS */;
/*!40101 SET @OLD_COLLATION_CONNECTION=@@COLLATION_CONNECTION */;
/*!40101 SET NAMES utf8mb4 */;

--
-- Database: `sibolpinoy`
--

-- --------------------------------------------------------

--
-- Table structure for table `adminlog`
--

CREATE TABLE `adminlog` (
  `id` int(11) NOT NULL,
  `loginId` int(11) NOT NULL,
  `action` varchar(255) NOT NULL,
  `actionBy` varchar(255) NOT NULL,
  `date` datetime NOT NULL
) ENGINE=InnoDB DEFAULT CHARSET=utf8mb4;

--
-- Dumping data for table `adminlog`
--

INSERT INTO `adminlog` (`id`, `loginId`, `action`, `actionBy`, `date`) VALUES
(3, 10, 'create', 'dev', '2022-03-14 14:17:42'),
(5, 10, 'update', 'sadmin1', '2022-03-14 14:24:54'),
(6, 10, 'logged in', 'sadmin1', '2022-03-14 17:14:48'),
(7, 10, 'logged in', 'sadmin1', '2022-03-14 19:40:43'),
(10, 10, 'logged in', 'sadmin1', '2022-03-14 19:49:15'),
(11, 25, 'created account', 'sadmin1', '2022-03-14 20:15:37'),
(12, 25, 'logged in', 'jasonorioste', '2022-03-14 20:16:06'),
(14, 25, 'create services', 'jasonorioste', '2022-03-14 20:37:49'),
(15, 25, 'create services', 'jasonorioste', '2022-03-14 21:12:08'),
(16, 25, 'update services', 'jasonorioste', '2022-03-14 22:00:58'),
(17, 10, 'logged in', 'sadmin1', '2022-03-14 22:02:06'),
(18, 10, 'update services', 'sadmin1', '2022-03-14 22:02:29'),
(19, 10, 'update service status', 'sadmin1', '2022-03-14 22:18:58'),
(20, 10, 'update service status', 'sadmin1', '2022-03-14 22:20:00'),
(21, 25, 'logged in', 'jasonorioste', '2022-03-14 22:28:38'),
(22, 25, 'update service image', 'jasonorioste', '2022-03-14 22:29:04'),
(23, 25, 'create category services', 'jasonorioste', '2022-03-14 22:54:50'),
(24, 25, 'update category services', 'jasonorioste', '2022-03-14 23:18:45'),
(25, 25, 'update category status', 'jasonorioste', '2022-03-14 23:30:02'),
(26, 25, 'update service status', 'jasonorioste', '2022-03-14 23:31:12'),
(27, 10, 'logged in', 'sadmin1', '2022-03-14 23:31:48'),
(28, 10, 'update service status', 'sadmin1', '2022-03-14 23:32:02'),
(29, 10, 'update category services', 'sadmin1', '2022-03-14 23:53:03'),
(30, 10, 'create sub-category services', 'sadmin1', '2022-03-14 23:53:43'),
(31, 10, 'update sub-category services', 'sadmin1', '2022-03-15 00:07:16'),
(32, 10, 'update sub-category services', 'sadmin1', '2022-03-15 00:07:42'),
(33, 10, 'update sub-category status', 'sadmin1', '2022-03-15 00:15:42'),
(34, 10, 'update service status', 'sadmin1', '2022-03-15 00:18:54'),
(35, 25, 'logged in', 'jasonorioste', '2022-03-15 07:07:12'),
(36, 25, 'update service status', 'jasonorioste', '2022-03-15 07:14:46'),
(37, 25, 'logged in', 'jasonorioste', '2022-03-15 09:52:54'),
(38, 25, 'logged in', 'jasonorioste', '2022-03-15 17:12:04'),
(39, 25, 'Reply Email', 'jasonorioste', '2022-03-15 18:59:44'),
(40, 25, 'Reply Email', 'jasonorioste', '2022-03-15 19:31:57'),
(41, 25, 'Reply Email', 'jasonorioste', '2022-03-15 19:42:07'),
(42, 25, 'Reply Email', 'jasonorioste', '2022-03-15 19:44:35'),
(43, 25, 'Reply Email', 'jasonorioste', '2022-03-15 19:51:52'),
(44, 25, 'Reply Email', 'jasonorioste', '2022-03-15 20:01:13'),
(45, 25, 'Reply Email', 'jasonorioste', '2022-03-15 20:07:33'),
(46, 25, 'logged in', 'jasonorioste', '2022-03-15 22:01:44'),
(47, 25, 'logged in', 'jasonorioste', '2022-03-16 07:45:01'),
(48, 25, 'created new event', 'jasonorioste', '2022-03-16 13:54:39'),
(49, 25, 'logged in', 'jasonorioste', '2022-03-16 19:19:28'),
(50, 25, 'logged in', 'jasonorioste', '2022-03-17 07:43:44'),
(51, 25, 'created new event', 'jasonorioste', '2022-03-17 08:08:19'),
(52, 25, 'update service status', 'jasonorioste', '2022-03-17 10:29:03'),
(53, 25, 'update service status', 'jasonorioste', '2022-03-17 10:29:56'),
(54, 25, 'update event', 'jasonorioste', '2022-03-17 05:17:51'),
(55, 25, 'update event status', 'jasonorioste', '2022-03-17 06:19:42'),
(56, 25, 'update event status', 'jasonorioste', '2022-03-17 06:21:06'),
(57, 25, 'update event image', 'jasonorioste', '2022-03-17 15:29:44'),
(58, 25, 'update event status', 'jasonorioste', '2022-03-17 15:56:07'),
(59, 25, 'update event status', 'jasonorioste', '2022-03-17 16:44:23'),
(60, 25, 'update event status', 'jasonorioste', '2022-03-17 16:44:36'),
(61, 25, 'update event image', 'jasonorioste', '2022-03-17 16:54:43'),
(62, 25, 'logged in', 'jasonorioste', '2022-03-17 20:59:04'),
(63, 25, 'update service status', 'jasonorioste', '2022-03-17 21:40:29'),
(64, 25, 'update service status', 'jasonorioste', '2022-03-17 21:40:58'),
(65, 25, 'update category status', 'jasonorioste', '2022-03-17 22:01:39'),
(66, 25, 'update service status', 'jasonorioste', '2022-03-17 22:01:52'),
(67, 25, 'update service status', 'jasonorioste', '2022-03-17 22:02:03'),
(68, 25, 'create category services', 'jasonorioste', '2022-03-17 22:10:33'),
(69, 25, 'create sub-category services', 'jasonorioste', '2022-03-17 22:11:12'),
(70, 25, 'create sub-category services', 'jasonorioste', '2022-03-17 22:15:23'),
(71, 25, 'create sub-category services', 'jasonorioste', '2022-03-17 22:21:15'),
(72, 25, 'create sub-category services', 'jasonorioste', '2022-03-17 22:21:42'),
(73, 25, 'create sub-category services', 'jasonorioste', '2022-03-17 22:21:54'),
(74, 25, 'create sub-category services', 'jasonorioste', '2022-03-17 22:22:08'),
(75, 25, 'create sub-category services', 'jasonorioste', '2022-03-17 22:22:21'),
(76, 25, 'create sub-category services', 'jasonorioste', '2022-03-17 22:24:40'),
(77, 25, 'create sub-category services', 'jasonorioste', '2022-03-17 22:51:47'),
(78, 25, 'create sub-category services', 'jasonorioste', '2022-03-17 22:52:01'),
(79, 25, 'create sub-category services', 'jasonorioste', '2022-03-17 22:52:14'),
(80, 25, 'create sub-category services', 'jasonorioste', '2022-03-17 22:52:32'),
(81, 25, 'create sub-category services', 'jasonorioste', '2022-03-17 22:55:10'),
(82, 25, 'create sub-category services', 'jasonorioste', '2022-03-17 22:55:30'),
(83, 25, 'create sub-category services', 'jasonorioste', '2022-03-17 22:55:45'),
(84, 25, 'create category services', 'jasonorioste', '2022-03-17 22:56:32'),
(85, 25, 'create sub-category services', 'jasonorioste', '2022-03-17 22:56:51'),
(86, 25, 'create sub-category services', 'jasonorioste', '2022-03-17 22:57:04'),
(87, 25, 'create sub-category services', 'jasonorioste', '2022-03-17 22:57:16'),
(88, 25, 'create sub-category services', 'jasonorioste', '2022-03-17 22:57:31'),
(89, 25, 'create sub-category services', 'jasonorioste', '2022-03-17 22:57:42'),
(90, 25, 'create sub-category services', 'jasonorioste', '2022-03-17 22:57:59'),
(91, 25, 'update category status', 'jasonorioste', '2022-03-17 23:01:08'),
(92, 25, 'update category status', 'jasonorioste', '2022-03-17 23:01:25'),
(93, 25, 'update category status', 'jasonorioste', '2022-03-17 23:01:41'),
(94, 25, 'update category status', 'jasonorioste', '2022-03-17 23:03:17'),
(95, 25, 'update sub-category status', 'jasonorioste', '2022-03-17 23:03:41'),
(96, 25, 'update sub-category status', 'jasonorioste', '2022-03-17 23:03:48'),
(97, 25, 'update sub-category status', 'jasonorioste', '2022-03-17 23:04:04'),
(98, 25, 'update category status', 'jasonorioste', '2022-03-17 23:14:48'),
(99, 25, 'logged in', 'jasonorioste', '2022-03-18 08:08:23'),
(100, 25, 'update category status', 'jasonorioste', '2022-03-18 08:09:31'),
(101, 25, 'update service status', 'jasonorioste', '2022-03-18 09:19:11'),
(102, 25, 'update service status', 'jasonorioste', '2022-03-18 09:19:27'),
(103, 25, 'create services', 'jasonorioste', '2022-03-18 09:25:07'),
(104, 25, 'update service image', 'jasonorioste', '2022-03-18 09:25:51'),
(105, 25, 'logged in', 'jasonorioste', '2022-03-18 14:07:32'),
(106, 25, 'logged in', 'jasonorioste', '2022-03-18 14:18:24'),
(107, 25, 'Reply Email', 'jasonorioste', '2022-03-18 14:21:46'),
(108, 25, 'update event status', 'jasonorioste', '2022-03-18 14:23:09'),
(109, 25, 'update service status', 'jasonorioste', '2022-03-18 14:23:41'),
(110, 25, 'update service image', 'jasonorioste', '2022-03-18 14:24:05'),
(111, 25, 'update event status', 'jasonorioste', '2022-03-18 18:57:15'),
(112, 25, 'update event image', 'jasonorioste', '2022-03-18 19:04:02'),
(113, 25, 'created new event', 'jasonorioste', '2022-03-18 19:07:53'),
(114, 25, 'created new event', 'jasonorioste', '2022-03-18 19:15:38'),
(115, 25, 'created new event', 'jasonorioste', '2022-03-18 19:20:47'),
(116, 25, 'created new event', 'jasonorioste', '2022-03-18 19:27:41'),
(117, 25, 'update event status', 'jasonorioste', '2022-03-18 19:57:35'),
(118, 25, 'update event status', 'jasonorioste', '2022-03-18 19:57:40'),
(119, 25, 'update event status', 'jasonorioste', '2022-03-18 19:57:47'),
(120, 25, 'update event status', 'jasonorioste', '2022-03-18 19:57:55'),
(121, 25, 'update event status', 'jasonorioste', '2022-03-18 19:58:03'),
(122, 25, 'created new event', 'jasonorioste', '2022-03-18 20:03:16'),
(123, 25, 'created new event', 'jasonorioste', '2022-03-18 20:05:00'),
(124, 25, 'update event status', 'jasonorioste', '2022-03-18 20:37:34'),
(125, 25, 'update event status', 'jasonorioste', '2022-03-18 20:38:00'),
(126, 25, 'logged in', 'jasonorioste', '2022-03-19 08:42:58'),
(127, 25, 'update service status', 'jasonorioste', '2022-03-19 08:43:42'),
(128, 25, 'update service image', 'jasonorioste', '2022-03-19 08:44:26'),
(129, 25, 'create services', 'jasonorioste', '2022-03-19 08:45:08'),
(130, 25, 'create services', 'jasonorioste', '2022-03-19 08:45:48'),
(131, 25, 'create category services', 'jasonorioste', '2022-03-19 08:46:34'),
(132, 25, 'create category services', 'jasonorioste', '2022-03-19 08:47:00'),
(133, 25, 'create category services', 'jasonorioste', '2022-03-19 08:47:32'),
(134, 25, 'create sub-category services', 'jasonorioste', '2022-03-19 08:48:15'),
(135, 25, 'create sub-category services', 'jasonorioste', '2022-03-19 08:48:35'),
(136, 25, 'create sub-category services', 'jasonorioste', '2022-03-19 08:48:54'),
(137, 25, 'create sub-category services', 'jasonorioste', '2022-03-19 08:49:10'),
(138, 25, 'create sub-category services', 'jasonorioste', '2022-03-19 08:49:22'),
(139, 25, 'create sub-category services', 'jasonorioste', '2022-03-19 08:49:37'),
(140, 25, 'create sub-category services', 'jasonorioste', '2022-03-19 08:50:00'),
(141, 25, 'create sub-category services', 'jasonorioste', '2022-03-19 08:50:12'),
(142, 25, 'create sub-category services', 'jasonorioste', '2022-03-19 08:50:24'),
(143, 25, 'create sub-category services', 'jasonorioste', '2022-03-19 08:50:38'),
(144, 25, 'create sub-category services', 'jasonorioste', '2022-03-19 08:51:10'),
(145, 25, 'create sub-category services', 'jasonorioste', '2022-03-19 08:51:26'),
(146, 25, 'create sub-category services', 'jasonorioste', '2022-03-19 08:51:37'),
(147, 25, 'create sub-category services', 'jasonorioste', '2022-03-19 08:51:52'),
(148, 25, 'create sub-category services', 'jasonorioste', '2022-03-19 08:52:05'),
(149, 25, 'create sub-category services', 'jasonorioste', '2022-03-19 08:52:16'),
(150, 25, 'create sub-category services', 'jasonorioste', '2022-03-19 08:52:27'),
(151, 25, 'update service status', 'jasonorioste', '2022-03-19 09:05:58'),
(152, 25, 'update service status', 'jasonorioste', '2022-03-19 09:06:15'),
(153, 25, 'created new celebration post', 'jasonorioste', '2022-03-19 13:31:28'),
(154, 25, 'created new celebration post', 'jasonorioste', '2022-03-19 13:53:28'),
(155, 25, 'logged in', 'jasonorioste', '2022-03-21 10:36:39'),
(156, 25, 'update event status', 'jasonorioste', '2022-03-21 10:37:48'),
(157, 25, 'update event status', 'jasonorioste', '2022-03-21 10:38:01'),
(158, 25, 'update event status', 'jasonorioste', '2022-03-21 10:38:16'),
(159, 25, 'update event status', 'jasonorioste', '2022-03-21 10:38:42'),
(160, 25, 'update celebration', 'jasonorioste', '2022-03-21 11:46:36'),
(161, 25, 'logged in', 'jasonorioste', '2022-03-21 17:53:29'),
(162, 25, 'logged in', 'jasonorioste', '2022-03-22 07:30:58'),
(163, 25, 'Reply Email', 'jasonorioste', '2022-03-22 07:41:52'),
(164, 25, 'logged in', 'jasonorioste', '2022-03-22 09:06:16'),
(165, 25, 'Reply Email', 'jasonorioste', '2022-03-22 09:07:42'),
(166, 25, 'logged in', 'jasonorioste', '2022-03-22 10:56:05'),
(167, 25, 'Reply Email', 'jasonorioste', '2022-03-22 11:08:00'),
(168, 25, 'Reply Email', 'jasonorioste', '2022-03-22 11:14:38'),
(169, 25, 'Reply Email', 'jasonorioste', '2022-03-22 11:25:20'),
(170, 25, 'Reply Email', 'jasonorioste', '2022-03-22 11:26:06'),
(171, 25, 'update event status', 'jasonorioste', '2022-03-22 18:59:50'),
(172, 25, 'update event status', 'jasonorioste', '2022-03-22 19:23:15'),
(173, 25, 'update event status', 'jasonorioste', '2022-03-22 22:05:45'),
(174, 25, 'logged in', 'jasonorioste', '2022-03-23 09:21:03'),
(175, 25, 'update event status', 'jasonorioste', '2022-03-23 11:10:43'),
(176, 25, 'update event status', 'jasonorioste', '2022-03-23 12:38:27'),
(177, 25, 'logged in', 'jasonorioste', '2022-03-24 07:50:59'),
(178, 25, 'update service status', 'jasonorioste', '2022-03-24 07:57:26'),
(179, 25, 'update service status', 'jasonorioste', '2022-03-24 07:58:21'),
(180, 25, 'update services', 'jasonorioste', '2022-03-24 07:59:13'),
(181, 25, 'update services', 'jasonorioste', '2022-03-24 07:59:47'),
(182, 25, 'update event status', 'jasonorioste', '2022-03-24 08:04:21'),
(183, 25, 'update event status', 'jasonorioste', '2022-03-24 08:30:00'),
(184, 25, 'update event status', 'jasonorioste', '2022-03-24 08:30:14'),
(185, 25, 'created new celebration post', 'jasonorioste', '2022-03-24 09:49:32'),
(186, 25, 'update event status', 'jasonorioste', '2022-03-24 09:49:50'),
(187, 25, 'update event status', 'jasonorioste', '2022-03-24 09:49:55'),
(188, 25, 'update event status', 'jasonorioste', '2022-03-24 09:50:15'),
(189, 25, 'update event status', 'jasonorioste', '2022-03-24 09:50:27'),
(190, 25, 'update event status', 'jasonorioste', '2022-03-24 09:50:38'),
(191, 25, 'update event status', 'jasonorioste', '2022-03-24 09:50:57'),
(192, 25, 'update service status', 'jasonorioste', '2022-03-24 10:25:59'),
(193, 25, 'update service status', 'jasonorioste', '2022-03-24 10:30:34'),
(194, 25, 'update service status', 'jasonorioste', '2022-03-24 10:31:05'),
(195, 25, 'update service status', 'jasonorioste', '2022-03-24 10:31:05'),
(196, 25, 'update service status', 'jasonorioste', '2022-03-24 10:31:09'),
(197, 25, 'logged in', 'jasonorioste', '2022-03-24 18:13:47'),
(198, 25, 'update event status', 'jasonorioste', '2022-03-24 18:14:01'),
(199, 10, 'logged in', 'sadmin1', '2022-03-25 06:28:28'),
(200, 25, 'logged in', 'jasonorioste', '2022-03-25 10:01:15'),
(201, 25, 'logged in', 'jasonorioste', '2022-03-25 15:18:49'),
(202, 25, 'logged in', 'jasonorioste', '2022-03-27 09:56:50'),
(203, 25, 'update event', 'jasonorioste', '2022-03-27 09:58:56');

-- --------------------------------------------------------

--
-- Table structure for table `archiveuser`
--

CREATE TABLE `archiveuser` (
  `id` int(11) NOT NULL,
  `loginId` int(11) NOT NULL,
  `profileId` int(11) NOT NULL,
  `firstName` varchar(255) NOT NULL,
  `lastName` varchar(255) NOT NULL,
  `username` varchar(255) NOT NULL,
  `level` varchar(64) NOT NULL,
  `reason` longtext NOT NULL,
  `dateAdded` date NOT NULL,
  `dateDeleted` date NOT NULL
) ENGINE=InnoDB DEFAULT CHARSET=utf8mb4;

--
-- Dumping data for table `archiveuser`
--

INSERT INTO `archiveuser` (`id`, `loginId`, `profileId`, `firstName`, `lastName`, `username`, `level`, `reason`, `dateAdded`, `dateDeleted`) VALUES
(2, 8, 4, 'Jason', 'Orioste', 'jason', 'admin', 'this is a testing', '0000-00-00', '2022-03-09'),
(3, 14, 9, 'Jason', 'Orioste', 'jasonorioste', '0', 'test 1', '2022-03-08', '2022-03-10'),
(4, 13, 8, 'Charles', 'Abuzo', 'admin2', '0', 'test 2', '2022-03-08', '2022-03-10'),
(5, 18, 13, 'Super', 'Proxy', 'superproxy', '0', 'this is a testing', '2022-03-14', '2022-03-14');

-- --------------------------------------------------------

--
-- Table structure for table `celebration`
--

CREATE TABLE `celebration` (
  `keepingID` int(150) NOT NULL,
  `commemoration` varchar(250) NOT NULL,
  `header` varchar(250) NOT NULL,
  `image` varchar(250) NOT NULL,
  `message1` longtext DEFAULT NULL,
  `message2` longtext DEFAULT NULL,
  `status` varchar(50) NOT NULL,
  `loginId` int(150) NOT NULL,
  `action` varchar(100) NOT NULL,
  `uploaded` datetime DEFAULT NULL,
  `updated` datetime DEFAULT NULL
) ENGINE=InnoDB DEFAULT CHARSET=latin1;

--
-- Dumping data for table `celebration`
--

INSERT INTO `celebration` (`keepingID`, `commemoration`, `header`, `image`, `message1`, `message2`, `status`, `loginId`, `action`, `uploaded`, `updated`) VALUES
(2, 'Happy International Women\'s Day', 'We Celebrate on this Month', 'IMG-62356fd8ede6c6.61067933.gif', 'Celebrate women\'s achievement. Raise awareness against bias and take action for equality.', 'A simple message from SPMC', 'published', 25, 'update event status', '2022-03-19 13:53:28', '2022-03-24 09:50:57'),
(3, 'Day Of Valor', 'SPMC Commemorate on this Month', 'IMG-623bce2ca228e4.47305632.gif', 'Araw ng Kagitingan in Filipino, this official regular nationwide holiday is celebrated annually on April 9th.', '', 'unpublished', 25, 'update event status', '2022-03-24 09:49:32', '2022-03-24 09:50:38');

-- --------------------------------------------------------

--
-- Table structure for table `client`
--

CREATE TABLE `client` (
  `c_count` int(150) NOT NULL,
  `client_uniID` varchar(250) NOT NULL,
  `firstName` varchar(250) NOT NULL,
  `mi` text DEFAULT NULL,
  `lastName` varchar(250) NOT NULL,
  `email_add` varchar(250) NOT NULL,
  `contact` varchar(250) DEFAULT NULL,
  `organization` varchar(250) NOT NULL,
  `position` varchar(250) NOT NULL,
  `date_register` datetime NOT NULL
) ENGINE=InnoDB DEFAULT CHARSET=latin1;

-- --------------------------------------------------------

--
-- Table structure for table `email`
--

CREATE TABLE `email` (
  `emailID` int(150) NOT NULL,
  `client_uniID` varchar(250) DEFAULT NULL,
  `subject` varchar(250) NOT NULL,
  `message` longtext DEFAULT NULL,
  `status` varchar(50) NOT NULL,
  `date_mailed` datetime DEFAULT NULL
) ENGINE=InnoDB DEFAULT CHARSET=latin1;

--
-- Dumping data for table `email`
--

INSERT INTO `email` (`emailID`, `client_uniID`, `subject`, `message`, `status`, `date_mailed`) VALUES
(11, '2022-hm9odjnt41', 'Business Consultancy Reservation', 'This is a Test message from contact page of SPMC website', 'Read', '2022-03-25 11:06:20'),
(15, '2022-hm9odjnt41', 'Test Subject Contact II', 'Second Testing From contact page of SPMC website', 'New', '2022-03-25 11:22:42'),
(16, '2022-hm9odjnt41', 'reactivation my of this account', 'test', 'New', '2022-03-25 11:24:20');

-- --------------------------------------------------------

--
-- Table structure for table `events`
--

CREATE TABLE `events` (
  `eventID` int(150) NOT NULL,
  `event_img` varchar(250) NOT NULL,
  `header` longtext DEFAULT NULL,
  `event_title` varchar(250) NOT NULL,
  `date_start` date DEFAULT NULL,
  `date_and_time` varchar(250) NOT NULL,
  `reg_fee` varchar(250) NOT NULL,
  `desc_1` longtext DEFAULT NULL,
  `desc_2` longtext DEFAULT NULL,
  `loginId` int(150) NOT NULL,
  `status` varchar(50) NOT NULL,
  `date_published` datetime DEFAULT NULL,
  `action` varchar(250) NOT NULL,
  `date_update` datetime DEFAULT NULL
) ENGINE=InnoDB DEFAULT CHARSET=latin1;

--
-- Dumping data for table `events`
--

INSERT INTO `events` (`eventID`, `event_img`, `header`, `event_title`, `date_start`, `date_and_time`, `reg_fee`, `desc_1`, `desc_2`, `loginId`, `status`, `date_published`, `action`, `date_update`) VALUES
(1, 'IMG-62317b9f5731b3.22549484.png', 'Join Sibol-PINOY Management Consultancy on its FREE WEBINAR with the theme, \"Pinakbet or Laing: Weighing Alternatives, Making the Right Choice #NOTAPOLITICALFORUM', 'A Webinar on Business Decision-Making, and Product and Service Management.', '2022-04-01', 'Friday, 1st of April, 2022 from 5:00 PM to 8:00 PM', 'FREE WEBINAR ', 'Don\'t miss the opportunity to discover the world of Business Decision-Making and Product and Service Management!', 'https://forms.gle/9dYUAzVDbSKbR9xg8', 25, 'published', '2022-03-16 13:54:39', 'update event', '2022-03-27 09:58:56'),
(2, 'IMG-62346722360a95.38485299.jpg', 'Avail UP TO 50% OFF on any of the following Training-Workshops below:', 'ISO 9001:2015 Requirements and Internal Quality Audit', '2022-03-05', 'March 5, 6, 12 & 13, 2022 | 9AM-5PM', 'Regular Fee: P2,000.00', 'Early Bird Discount (20% OFF): P1,600.00/Training if you register until March 1, 2022', 'Student & Group Registration (Min. of 3 pax | 50% OFF): P1,000.00/Pax.', 25, 'unpublished', '2022-03-17 08:08:19', 'update event status', '2022-03-22 19:23:15'),
(3, 'IMG-62346809cd8090.78014898.jpg', 'Avail UP TO 50% OFF on any of the following Training-Workshops below:', 'Strategic Planning Risk Based Management', '2022-03-07', 'March 7 - 11, 2022 | 5PM-9PM', 'Regular Fee: P2,000.00', 'Early Bird Discount (20% OFF): P1,600.00/Training if you register until March 1, 2022', 'Student & Group Registration (Min. of 3 pax | 50% OFF): P1,000.00/Pax.', 25, 'published', '2022-03-18 19:07:53', 'update event status', '2022-03-24 18:14:01'),
(4, 'IMG-623469da460077.86291692.jpg', 'Sibol-PINOY Management Consultancy (SPMC) is offering a 4 day Training Workshop ', 'ISO 9001:2015 Quality Management  System Requirements and Documentation ', '2021-10-30', 'October 30-31 and November 6-7, 2021 from 9:00am to 5:00pm.', 'Regular Fee: P2,500.00', 'Participants shall receive lecture notes, workable templates, and certificates upon completion. ', '', 25, 'unpublished', '2022-03-18 19:15:38', 'update event status', '2022-03-18 19:57:47'),
(5, 'IMG-62346b0fba02e8.96366425.png', 'Join Sibol-PINOY Management Consultancy on its FREE WEBINAR ROADSHOW ', 'Building Organizational Resilience 101: Risk Management and Root Cause Analysis', '2022-02-16', 'Wednesday, 16 February 2022 from 5PM to 8PM.', 'FREE WEBINAR ', 'Get 2 Certificates in 1 Webinar', '', 25, 'unpublished', '2022-03-18 19:20:47', 'update event status', '2022-03-18 19:57:55'),
(6, 'IMG-62346cad767fc7.20261876.png', 'Join Sibol-PINOY Management Consultancy on its first ever FREE WEBINAR ROADSHOW', 'Building Organizational Resilience: Introducing Tools and Techniques for Risk Management and Root Cause Analysis', '2022-01-09', 'January 9, 2022 from 9AM to 12 NN.', 'FREE WEBINAR ', 'Don’t miss the opportunity to take on the world of Risk Management and Root Cause Analysis!', '', 25, 'unpublished', '2022-03-18 19:27:41', 'update event status', '2022-03-18 19:58:03'),
(7, 'IMG-623475043197b2.88324006.png', 'Sibol-PINOY Management Consultancy LIVE VIRTUAL TRAINING-WORKSHOPS Schedules for 2022:', 'Introduction to ISO 9001:2015 Internal Quality Audit', '2022-01-22', 'January 22, 23, 29, 30, 2022 | 9AM-5PM ', 'Regular Fee: P2,000.00', 'Year-End Discount: P1,000.00 until December 31, 2021', 'Early Bird Discount: P1,600.00 if you register from January 1 - 15, 2022', 25, 'unpublished', '2022-03-18 20:03:16', 'created new event', '2022-03-18 20:03:16'),
(8, 'IMG-6234756ca1dcd4.17765772.png', 'Sibol-PINOY Management Consultancy LIVE VIRTUAL TRAINING-WORKSHOPS Schedules for 2022:', 'Essentials in Project Management and MEAL (Monitoring, Evaluation, Accountability, and Learning):', '2022-02-24', 'January 24-28, 2022 | 5PM-9PM', 'Regular Fee: P2,000.00', 'Year-End Discount: P1,000.00 until December 31, 2021', 'Early Bird Discount: P1,600.00 if you register from January 1 - 15, 2022', 25, 'unpublished', '2022-03-18 20:05:00', 'created new event', '2022-03-18 20:05:00');

-- --------------------------------------------------------

--
-- Table structure for table `event_reservation`
--

CREATE TABLE `event_reservation` (
  `entryID` int(150) NOT NULL,
  `email_add` varchar(250) NOT NULL,
  `reservationID` varchar(250) NOT NULL,
  `eventID` int(150) NOT NULL,
  `ss_payment` varchar(250) DEFAULT NULL,
  `payment_method` varchar(250) NOT NULL,
  `date_registered` datetime DEFAULT NULL,
  `status` varchar(50) NOT NULL,
  `action` varchar(50) NOT NULL
) ENGINE=InnoDB DEFAULT CHARSET=latin1;

-- --------------------------------------------------------

--
-- Table structure for table `login`
--

CREATE TABLE `login` (
  `loginId` int(11) NOT NULL,
  `username` varchar(255) NOT NULL,
  `password` varchar(255) NOT NULL,
  `level` varchar(64) NOT NULL,
  `status` varchar(255) NOT NULL,
  `dateAdded` date NOT NULL,
  `lastLoginDate` datetime DEFAULT NULL,
  `createdBy` varchar(255) DEFAULT NULL
) ENGINE=InnoDB DEFAULT CHARSET=utf8mb4;

--
-- Dumping data for table `login`
--

INSERT INTO `login` (`loginId`, `username`, `password`, `level`, `status`, `dateAdded`, `lastLoginDate`, `createdBy`) VALUES
(10, 'sadmin1', 'sadmin1', '1', 'active', '2022-03-08', '2022-03-25 06:28:28', NULL),
(25, 'jasonorioste', 'SPMC123', '0', 'active', '2022-03-14', '2022-03-27 09:56:50', NULL);

-- --------------------------------------------------------

--
-- Table structure for table `profile`
--

CREATE TABLE `profile` (
  `id` int(11) NOT NULL,
  `loginId` int(11) NOT NULL,
  `firstName` varchar(255) NOT NULL,
  `lastName` varchar(255) NOT NULL,
  `dateAdded` date NOT NULL
) ENGINE=InnoDB DEFAULT CHARSET=utf8mb4;

--
-- Dumping data for table `profile`
--

INSERT INTO `profile` (`id`, `loginId`, `firstName`, `lastName`, `dateAdded`) VALUES
(5, 10, 'Kenneth12', 'Punzalan', '2022-03-08'),
(20, 25, 'Jason', 'Orioste', '2022-03-14');

-- --------------------------------------------------------

--
-- Table structure for table `scheduler`
--

CREATE TABLE `scheduler` (
  `id` int(45) NOT NULL,
  `title` varchar(250) DEFAULT NULL,
  `start_event` datetime DEFAULT NULL,
  `end_event` datetime DEFAULT NULL
) ENGINE=InnoDB DEFAULT CHARSET=latin1;

--
-- Dumping data for table `scheduler`
--

INSERT INTO `scheduler` (`id`, `title`, `start_event`, `end_event`) VALUES
(7, 'Meeting with Sir Josh', '2022-03-24 14:00:00', '2022-03-24 16:00:00'),
(9, 'this is a testing to scheduler table', '2022-03-17 00:00:00', '2022-03-18 00:00:00');

-- --------------------------------------------------------

--
-- Table structure for table `sent_email`
--

CREATE TABLE `sent_email` (
  `sentID` int(150) NOT NULL,
  `client_uniID` varchar(250) NOT NULL,
  `emailID` int(150) NOT NULL,
  `loginId` int(11) NOT NULL,
  `company_email` varchar(250) NOT NULL,
  `cc` varchar(250) DEFAULT NULL,
  `subject` varchar(250) NOT NULL,
  `reply` longtext DEFAULT NULL,
  `attachment` varchar(250) NOT NULL,
  `action` varchar(50) NOT NULL,
  `date_reply` datetime DEFAULT NULL
) ENGINE=InnoDB DEFAULT CHARSET=latin1;

-- --------------------------------------------------------

--
-- Table structure for table `services`
--

CREATE TABLE `services` (
  `number` int(100) NOT NULL,
  `service_uniID` text NOT NULL,
  `service_title` varchar(250) NOT NULL,
  `image` varchar(250) NOT NULL,
  `service_desc` longtext NOT NULL,
  `status` varchar(50) NOT NULL,
  `loginId` varchar(250) DEFAULT NULL,
  `action` varchar(250) DEFAULT NULL,
  `date_upload` datetime DEFAULT NULL,
  `date_update` datetime DEFAULT NULL
) ENGINE=InnoDB DEFAULT CHARSET=latin1;

--
-- Dumping data for table `services`
--

INSERT INTO `services` (`number`, `service_uniID`, `service_title`, `image`, `service_desc`, `status`, `loginId`, `action`, `date_upload`, `date_update`) VALUES
(12, '2022-31471', 'Business Consultancy', 'IMG-62342585e0a808.03067507.jpg', 'In Sibol-Pinoy , we boast of our world class approach in helping organizations achieve their objectives. We just do not partner with our clients, we engage and become one with them in their journey to quality improvement.', 'Active', '25', 'update services', '2022-03-14 21:12:08', '2022-03-24 07:59:47'),
(13, '2022-12686', 'Technological Solutions', 'IMG-6235276aa8eba7.41810605.jpg', 'Let Sibol-Pinoy help you provide complete customer solutions that span the IT life-cycle. Our technology experts will work with you to exceed the demand of high-growth technology in the vertical markets locally and around the world.', 'Active', '25', 'update service image', '2022-03-18 09:25:07', '2022-03-19 08:44:26'),
(14, '2022-75881', 'Training and Development', 'IMG-623527940c7978.02103273.jpg', 'As we envision our client to be self-dependent, we put emphasis on capacity-building and capability-building activities. Thus, Ideation Philippines has carefully designed and developed training modules and short-term courses aligned with global standards.', 'Active', '25', 'update service status', '2022-03-19 08:45:08', '2022-03-24 10:31:05'),
(15, '2022-28578', 'Research Development', 'IMG-623527bc0e4ac0.57469004.jpg', 'Sibol-Pinoy Management Consultancy highly engaged team members are specialized in providing technical assistance providing professional development and management support to public and private sector organizations in order to maximize resources and value, while minimizing cost and risk.', 'Active', '25', 'update service status', '2022-03-19 08:45:48', '2022-03-24 10:31:09');

-- --------------------------------------------------------

--
-- Table structure for table `services_category`
--

CREATE TABLE `services_category` (
  `number` int(100) NOT NULL,
  `category_uniID` varchar(250) NOT NULL,
  `service_uniID` varchar(250) NOT NULL,
  `category_title` varchar(250) DEFAULT NULL,
  `status` varchar(100) DEFAULT NULL,
  `loginId` varchar(250) DEFAULT NULL,
  `action` varchar(250) DEFAULT NULL,
  `date_upload` datetime DEFAULT NULL,
  `date_update` datetime DEFAULT NULL
) ENGINE=InnoDB DEFAULT CHARSET=latin1;

--
-- Dumping data for table `services_category`
--

INSERT INTO `services_category` (`number`, `category_uniID`, `service_uniID`, `category_title`, `status`, `loginId`, `action`, `date_upload`, `date_update`) VALUES
(4, '2022-kodji7', '2022-31471', 'Compliance and Standards', 'Active', '25', 'update service status', '2022-03-14 22:54:50', '2022-03-18 09:19:27'),
(5, '2022-cpqrk0', '2022-31471', 'Performance Excellence', 'Active', '25', 'update service status', '2022-03-17 22:10:33', '2022-03-18 09:19:27'),
(6, '2022-x8b07w', '2022-31471', 'Productivity & Quality', 'Active', '25', 'update service status', '2022-03-17 22:56:32', '2022-03-18 09:19:27'),
(7, '2022-8gl4wh', '2022-12686', 'Graphics Services', 'Active', '25', 'create category services', '2022-03-19 08:46:34', '2022-03-19 08:46:34'),
(8, '2022-aysmc9', '2022-12686', 'Web Designing', 'Active', '25', 'create category services', '2022-03-19 08:47:00', '2022-03-19 08:47:00'),
(9, '2022-njgk1x', '2022-12686', 'Document Services', 'Active', '25', 'create category services', '2022-03-19 08:47:32', '2022-03-19 08:47:32');

-- --------------------------------------------------------

--
-- Table structure for table `services_sub_category`
--

CREATE TABLE `services_sub_category` (
  `number` int(100) NOT NULL,
  `sub_cat_uniID` varchar(250) NOT NULL,
  `service_uniID` varchar(250) NOT NULL,
  `category_uniID` varchar(250) NOT NULL,
  `sub_cat_title` varchar(250) NOT NULL,
  `status` varchar(100) NOT NULL,
  `loginId` varchar(250) DEFAULT NULL,
  `action` varchar(250) DEFAULT NULL,
  `date_upload` datetime DEFAULT NULL,
  `date_update` datetime DEFAULT NULL
) ENGINE=InnoDB DEFAULT CHARSET=latin1;

--
-- Dumping data for table `services_sub_category`
--

INSERT INTO `services_sub_category` (`number`, `sub_cat_uniID`, `service_uniID`, `category_uniID`, `sub_cat_title`, `status`, `loginId`, `action`, `date_upload`, `date_update`) VALUES
(4, '2022-hvmy87z', '2022-31471', '2022-kodji7 ', 'Automotive Quality Management System Standard (IATF 16949:2016)', 'Active', '25', 'update service status', '2022-03-14 23:53:43', '2022-03-18 09:19:27'),
(5, '2022-wi05ysb', '2022-31471', '2022-kodji7 ', 'Energy Management System (ISO 50001:2011)', 'Active', '25', 'update service status', '2022-03-17 22:11:12', '2022-03-18 09:19:27'),
(6, '2022-ptsavj9', '2022-31471', '2022-kodji7 ', 'Environmental Management System (ISO 14001:2015)', 'Active', '25', 'update service status', '2022-03-17 22:15:23', '2022-03-18 09:19:27'),
(7, '2022-iayrbg9', '2022-31471', '2022-kodji7 ', 'Food Safety Management System (ISO 22000:2005) & HACCP', 'Active', '25', 'update service status', '2022-03-17 22:21:15', '2022-03-18 09:19:27'),
(8, '2022-z824qel', '2022-31471', '2022-kodji7 ', 'Food Safety Systems Certification (FSSC 22000)', 'Active', '25', 'update service status', '2022-03-17 22:21:42', '2022-03-18 09:19:27'),
(9, '2022-owhixj7', '2022-31471', '2022-kodji7 ', 'Information Security Management System (ISO 27001:2013)', 'Active', '25', 'update service status', '2022-03-17 22:21:54', '2022-03-18 09:19:27'),
(10, '2022-a3jo4hc', '2022-31471', '2022-kodji7 ', 'Occupational Health & Safety Management System (OHSAS 18001)/ISO 45001:2016)', 'Active', '25', 'update service status', '2022-03-17 22:22:08', '2022-03-18 09:19:27'),
(11, '2022-ntz9hp5', '2022-31471', '2022-kodji7 ', 'Quality Management System (ISO 9001:2015)', 'Active', '25', 'update service status', '2022-03-17 22:22:21', '2022-03-18 09:19:27'),
(12, '2022-d4ri03x', '2022-31471', '2022-cpqrk0 ', 'Business Excellence Self-Assessment', 'Active', '25', 'update service status', '2022-03-17 22:24:40', '2022-03-18 09:19:27'),
(13, '2022-f85s3y6', '2022-31471', '2022-cpqrk0 ', 'Third-Party BE Assessment', 'Active', '25', 'update service status', '2022-03-17 22:51:47', '2022-03-18 09:19:27'),
(14, '2022-mjyplnb', '2022-31471', '2022-cpqrk0 ', 'Leadership Excellence', 'Active', '25', 'update service status', '2022-03-17 22:52:01', '2022-03-18 09:19:27'),
(15, '2022-36pfznu', '2022-31471', '2022-cpqrk0 ', 'Strategic Planning', 'Active', '25', 'update service status', '2022-03-17 22:52:14', '2022-03-18 09:19:27'),
(16, '2022-j3pts5w', '2022-31471', '2022-cpqrk0 ', 'Customer-Focused Excellence', 'Active', '25', 'update service status', '2022-03-17 22:52:32', '2022-03-18 09:19:27'),
(17, '2022-vr172dy', '2022-31471', '2022-cpqrk0 ', 'Knowledge Management', 'Active', '25', 'update service status', '2022-03-17 22:55:10', '2022-03-18 09:19:27'),
(18, '2022-f0xpqh8', '2022-31471', '2022-cpqrk0 ', 'HR Excellence', 'Active', '25', 'update service status', '2022-03-17 22:55:30', '2022-03-18 09:19:27'),
(19, '2022-3cd9ohy', '2022-31471', '2022-cpqrk0 ', 'Operations Excellence', 'Active', '25', 'update service status', '2022-03-17 22:55:45', '2022-03-18 09:19:27'),
(20, '2022-s1zgyft', '2022-31471', '2022-x8b07w ', 'P&Q Diagnosis', 'Active', '25', 'update service status', '2022-03-17 22:56:51', '2022-03-18 09:19:27'),
(21, '2022-hpsi74t', '2022-31471', '2022-x8b07w ', '5s', 'Active', '25', 'update service status', '2022-03-17 22:57:04', '2022-03-18 09:19:27'),
(22, '2022-f8zmpba', '2022-31471', '2022-x8b07w ', 'SS', 'Active', '25', 'update service status', '2022-03-17 22:57:16', '2022-03-18 09:19:27'),
(23, '2022-nfh4i3j', '2022-31471', '2022-x8b07w ', 'WIT', 'Active', '25', 'update service status', '2022-03-17 22:57:31', '2022-03-18 09:19:27'),
(24, '2022-ruqfedp', '2022-31471', '2022-x8b07w ', 'Lean Management', 'Active', '25', 'update service status', '2022-03-17 22:57:42', '2022-03-18 09:19:27'),
(25, '2022-cz2yu3b', '2022-31471', '2022-x8b07w ', 'Labor-Management Cooperation', 'Active', '25', 'update service status', '2022-03-17 22:57:59', '2022-03-18 09:19:27'),
(26, '2022-yo6bgsi', '2022-12686', '2022-8gl4wh ', 'Logo', 'Active', '25', 'create sub-category services', '2022-03-19 08:48:15', '2022-03-19 08:48:15'),
(27, '2022-ok2watb', '2022-12686', '2022-8gl4wh ', 'Flyer', 'Active', '25', 'create sub-category services', '2022-03-19 08:48:35', '2022-03-19 08:48:35'),
(28, '2022-us80qt6', '2022-12686', '2022-8gl4wh ', 'Design Services', 'Active', '25', 'create sub-category services', '2022-03-19 08:48:54', '2022-03-19 08:48:54'),
(29, '2022-ehzfi5u', '2022-12686', '2022-8gl4wh ', 'Banner design', 'Active', '25', 'create sub-category services', '2022-03-19 08:49:10', '2022-03-19 08:49:10'),
(30, '2022-ka98hjt', '2022-12686', '2022-8gl4wh ', 'Ad Boxes design', 'Active', '25', 'create sub-category services', '2022-03-19 08:49:22', '2022-03-19 08:49:22'),
(31, '2022-3jv1ms0', '2022-12686', '2022-8gl4wh ', 'Brochure', 'Active', '25', 'create sub-category services', '2022-03-19 08:49:37', '2022-03-19 08:49:37'),
(32, '2022-v7kdehf', '2022-12686', '2022-aysmc9 ', 'Web Content', 'Active', '25', 'create sub-category services', '2022-03-19 08:50:00', '2022-03-19 08:50:00'),
(33, '2022-d5vrgqo', '2022-12686', '2022-aysmc9 ', 'Redesign Services', 'Active', '25', 'create sub-category services', '2022-03-19 08:50:12', '2022-03-19 08:50:12'),
(34, '2022-b25ngek', '2022-12686', '2022-aysmc9 ', 'Content Upload', 'Active', '25', 'create sub-category services', '2022-03-19 08:50:24', '2022-03-19 08:50:24'),
(35, '2022-k7gbmje', '2022-12686', '2022-aysmc9 ', 'Technical Maintenance', 'Active', '25', 'create sub-category services', '2022-03-19 08:50:38', '2022-03-19 08:50:38'),
(36, '2022-6kts8on', '2022-12686', '2022-aysmc9 ', 'Customer-Focused Excellence', 'Active', '25', 'create sub-category services', '2022-03-19 08:51:10', '2022-03-19 08:51:10'),
(37, '2022-nej8ztf', '2022-12686', '2022-aysmc9 ', 'Web Hosting', 'Active', '25', 'create sub-category services', '2022-03-19 08:51:26', '2022-03-19 08:51:26'),
(38, '2022-so9tavc', '2022-12686', '2022-aysmc9 ', 'Web Statistics', 'Active', '25', 'create sub-category services', '2022-03-19 08:51:37', '2022-03-19 08:51:37'),
(39, '2022-tzhgp76', '2022-12686', '2022-njgk1x ', 'Presentation Services', 'Active', '25', 'create sub-category services', '2022-03-19 08:51:52', '2022-03-19 08:51:52'),
(40, '2022-8vb16o7', '2022-12686', '2022-njgk1x ', 'Transcription', 'Active', '25', 'create sub-category services', '2022-03-19 08:52:05', '2022-03-19 08:52:05'),
(41, '2022-1ezoubm', '2022-12686', '2022-njgk1x ', 'Proofreading', 'Active', '25', 'create sub-category services', '2022-03-19 08:52:16', '2022-03-19 08:52:16'),
(42, '2022-fiynw46', '2022-12686', '2022-njgk1x ', 'Conceptual Design', 'Active', '25', 'create sub-category services', '2022-03-19 08:52:27', '2022-03-19 08:52:27');

-- --------------------------------------------------------

--
-- Table structure for table `visitors`
--

CREATE TABLE `visitors` (
  `visitorsID` int(100) NOT NULL,
  `visitorsIP` varchar(250) DEFAULT NULL,
  `date_visited` date DEFAULT NULL
) ENGINE=InnoDB DEFAULT CHARSET=latin1;

--
-- Dumping data for table `visitors`
--

INSERT INTO `visitors` (`visitorsID`, `visitorsIP`, `date_visited`) VALUES
(2, '::1', '2022-03-10'),
(3, '::1', '2022-03-10'),
(4, '::1', '2022-03-10'),
(5, '::1', '2022-03-10'),
(6, '::1', '2022-03-10'),
(7, '::1', '2022-03-10'),
(8, '::1', '2022-03-10'),
(9, '::1', '2022-03-10'),
(10, '::1', '2022-03-10'),
(11, '::1', '2022-03-10'),
(12, '::1', '2022-03-10'),
(13, '::1', '2022-03-10'),
(14, '::1', '2022-03-10'),
(15, '::1', '2022-03-10'),
(16, '::1', '2022-03-10'),
(17, '::1', '2022-03-10'),
(18, '::1', '2022-03-10'),
(19, '::1', '2022-03-10'),
(20, '::1', '2022-03-10'),
(21, '::1', '2022-03-10'),
(22, '::1', '2022-03-10'),
(23, '::1', '2022-03-10'),
(24, '::1', '2022-03-10'),
(25, '::1', '2022-03-10'),
(26, '::1', '2022-03-10'),
(27, '::1', '2022-03-10'),
(28, '::1', '2022-03-10'),
(29, '::1', '2022-03-10'),
(30, '::1', '2022-03-10'),
(31, '::1', '2022-03-10'),
(32, '::1', '2022-03-10'),
(33, '::1', '2022-03-10'),
(34, '::1', '2022-03-10'),
(35, '::1', '2022-03-10'),
(36, '::1', '2022-03-10'),
(37, '::1', '2022-03-10'),
(38, '::1', '2022-03-10'),
(39, '::1', '2022-03-10'),
(40, '::1', '2022-03-10'),
(41, '::1', '2022-03-10'),
(42, '::1', '2022-03-10'),
(43, '::1', '2022-03-10'),
(44, '::1', '2022-03-10'),
(45, '::1', '2022-03-10'),
(46, '::1', '2022-03-10'),
(47, '::1', '2022-03-10'),
(48, '::1', '2022-03-10'),
(49, '::1', '2022-03-10'),
(50, '::1', '2022-03-10'),
(51, '::1', '2022-03-10'),
(52, '::1', '2022-03-10'),
(53, '::1', '2022-03-10'),
(54, '::1', '2022-03-10'),
(55, '::1', '2022-03-11'),
(56, '::1', '2022-03-11'),
(57, '::1', '2022-03-11'),
(58, '::1', '2022-03-11'),
(59, '::1', '2022-03-11'),
(60, '::1', '2022-03-11'),
(61, '::1', '2022-03-11'),
(62, '::1', '2022-03-11'),
(63, '::1', '2022-03-11'),
(64, '::1', '2022-03-11'),
(65, '::1', '2022-03-11'),
(66, '::1', '2022-03-11'),
(67, '::1', '2022-03-11'),
(68, '::1', '2022-03-11'),
(69, '::1', '2022-03-11'),
(70, '::1', '2022-03-11'),
(71, '::1', '2022-03-11'),
(72, '::1', '2022-03-11'),
(73, '::1', '2022-03-11'),
(74, '::1', '2022-03-11'),
(75, '::1', '2022-03-11'),
(76, '::1', '2022-03-11'),
(77, '::1', '2022-03-11'),
(78, '::1', '2022-03-11'),
(79, '::1', '2022-03-11'),
(80, '::1', '2022-03-11'),
(81, '::1', '2022-03-11'),
(82, '::1', '2022-03-11'),
(83, '::1', '2022-03-11'),
(84, '::1', '2022-03-11'),
(85, '::1', '2022-03-11'),
(86, '::1', '2022-03-11'),
(87, '::1', '2022-03-11'),
(88, '::1', '2022-03-11'),
(89, '::1', '2022-03-11'),
(90, '::1', '2022-03-11'),
(91, '::1', '2022-03-11'),
(92, '::1', '2022-03-11'),
(93, '::1', '2022-03-11'),
(94, '::1', '2022-03-11'),
(95, '::1', '2022-03-11'),
(96, '::1', '2022-03-11'),
(97, '::1', '2022-03-11'),
(98, '::1', '2022-03-11'),
(99, '::1', '2022-03-11'),
(100, '::1', '2022-03-11'),
(101, '::1', '2022-03-11'),
(102, '::1', '2022-03-11'),
(103, '::1', '2022-03-11'),
(104, '::1', '2022-03-11'),
(105, '::1', '2022-03-11'),
(106, '::1', '2022-03-11'),
(107, '::1', '2022-03-11'),
(108, '::1', '2022-03-11'),
(109, '::1', '2022-03-11'),
(110, '::1', '2022-03-11'),
(111, '::1', '2022-03-11'),
(112, '::1', '2022-03-11'),
(113, '::1', '2022-03-11'),
(114, '::1', '2022-03-11'),
(115, '::1', '2022-03-11'),
(116, '::1', '2022-03-11'),
(117, '::1', '2022-03-11'),
(118, '::1', '2022-03-11'),
(119, '::1', '2022-03-11'),
(120, '::1', '2022-03-11'),
(121, '::1', '2022-03-11'),
(122, '::1', '2022-03-11'),
(123, '::1', '2022-03-11'),
(124, '::1', '2022-03-11'),
(125, '::1', '2022-03-11'),
(126, '::1', '2022-03-11'),
(127, '::1', '2022-03-12'),
(128, '::1', '2022-03-12'),
(129, '::1', '2022-03-12'),
(130, '::1', '2022-03-12'),
(131, '::1', '2022-03-12'),
(132, '::1', '2022-03-12'),
(133, '::1', '2022-03-12'),
(134, '::1', '2022-03-13'),
(135, '::1', '2022-03-13'),
(136, '::1', '2022-03-13'),
(137, '::1', '2022-03-13'),
(138, '::1', '2022-03-13'),
(139, '::1', '2022-03-13'),
(140, '::1', '2022-03-13'),
(141, '::1', '2022-03-14'),
(142, '::1', '2022-03-14'),
(143, '::1', '2022-03-14'),
(144, '::1', '2022-03-14'),
(145, '::1', '2022-03-14'),
(146, '::1', '2022-03-14'),
(147, '::1', '2022-03-14'),
(148, '::1', '2022-03-14'),
(149, '::1', '2022-03-14'),
(150, '::1', '2022-03-14'),
(151, '::1', '2022-03-14'),
(152, '::1', '2022-03-14'),
(153, '::1', '2022-03-14'),
(154, '::1', '2022-03-14'),
(155, '::1', '2022-03-14'),
(156, '::1', '2022-03-14'),
(157, '::1', '2022-03-14'),
(158, '::1', '2022-03-14'),
(159, '::1', '2022-03-14'),
(160, '::1', '2022-03-14'),
(161, '::1', '2022-03-14'),
(162, '::1', '2022-03-14'),
(163, '::1', '2022-03-15'),
(164, '::1', '2022-03-15'),
(165, '::1', '2022-03-15'),
(166, '::1', '2022-03-15'),
(167, '::1', '2022-03-15'),
(168, '::1', '2022-03-15'),
(169, '::1', '2022-03-15'),
(170, '::1', '2022-03-15'),
(171, '::1', '2022-03-15'),
(172, '::1', '2022-03-15'),
(173, '::1', '2022-03-15'),
(174, '::1', '2022-03-15'),
(175, '::1', '2022-03-15'),
(176, '::1', '2022-03-15'),
(177, '::1', '2022-03-15'),
(178, '::1', '2022-03-15'),
(179, '::1', '2022-03-15'),
(180, '::1', '2022-03-15'),
(181, '::1', '2022-03-15'),
(182, '::1', '2022-03-15'),
(183, '::1', '2022-03-15'),
(184, '::1', '2022-03-15'),
(185, '::1', '2022-03-15'),
(186, '::1', '2022-03-15'),
(187, '::1', '2022-03-15'),
(188, '::1', '2022-03-15'),
(189, '::1', '2022-03-15'),
(190, '::1', '2022-03-15'),
(191, '::1', '2022-03-15'),
(192, '::1', '2022-03-15'),
(193, '::1', '2022-03-15'),
(194, '::1', '2022-03-15'),
(195, '::1', '2022-03-15'),
(196, '::1', '2022-03-15'),
(197, '::1', '2022-03-15'),
(198, '::1', '2022-03-15'),
(199, '::1', '2022-03-15'),
(200, '::1', '2022-03-15'),
(201, '::1', '2022-03-15'),
(202, '::1', '2022-03-15'),
(203, '::1', '2022-03-15'),
(204, '::1', '2022-03-15'),
(205, '::1', '2022-03-15'),
(206, '::1', '2022-03-15'),
(207, '::1', '2022-03-15'),
(208, '::1', '2022-03-16'),
(209, '::1', '2022-03-16'),
(210, '::1', '2022-03-16'),
(211, '::1', '2022-03-16'),
(212, '::1', '2022-03-16'),
(213, '::1', '2022-03-16'),
(214, '::1', '2022-03-16'),
(215, '::1', '2022-03-16'),
(216, '::1', '2022-03-16'),
(217, '::1', '2022-03-16'),
(218, '::1', '2022-03-16'),
(219, '::1', '2022-03-16'),
(220, '::1', '2022-03-16'),
(221, '::1', '2022-03-16'),
(222, '::1', '2022-03-16'),
(223, '::1', '2022-03-16'),
(224, '::1', '2022-03-16'),
(225, '::1', '2022-03-16'),
(226, '::1', '2022-03-16'),
(227, '::1', '2022-03-16'),
(228, '::1', '2022-03-17'),
(229, '::1', '2022-03-17'),
(230, '::1', '2022-03-17'),
(231, '::1', '2022-03-17'),
(232, '::1', '2022-03-17'),
(233, '::1', '2022-03-17'),
(234, '::1', '2022-03-17'),
(235, '::1', '2022-03-17'),
(236, '::1', '2022-03-17'),
(237, '::1', '2022-03-17'),
(238, '::1', '2022-03-17'),
(239, '::1', '2022-03-17'),
(240, '::1', '2022-03-17'),
(241, '::1', '2022-03-17'),
(242, '::1', '2022-03-17'),
(243, '::1', '2022-03-17'),
(244, '::1', '2022-03-17'),
(245, '::1', '2022-03-17'),
(246, '::1', '2022-03-17'),
(247, '::1', '2022-03-17'),
(248, '::1', '2022-03-17'),
(249, '::1', '2022-03-17'),
(250, '::1', '2022-03-17'),
(251, '::1', '2022-03-17'),
(252, '::1', '2022-03-17'),
(253, '::1', '2022-03-17'),
(254, '::1', '2022-03-17'),
(255, '::1', '2022-03-17'),
(256, '::1', '2022-03-17'),
(257, '::1', '2022-03-17'),
(258, '::1', '2022-03-17'),
(259, '::1', '2022-03-17'),
(260, '::1', '2022-03-17'),
(261, '::1', '2022-03-17'),
(262, '::1', '2022-03-17'),
(263, '::1', '2022-03-17'),
(264, '::1', '2022-03-17'),
(265, '::1', '2022-03-17'),
(266, '::1', '2022-03-17'),
(267, '::1', '2022-03-17'),
(268, '::1', '2022-03-17'),
(269, '::1', '2022-03-17'),
(270, '::1', '2022-03-17'),
(271, '::1', '2022-03-17'),
(272, '::1', '2022-03-17'),
(273, '::1', '2022-03-17'),
(274, '::1', '2022-03-17'),
(275, '::1', '2022-03-17'),
(276, '::1', '2022-03-17'),
(277, '::1', '2022-03-17'),
(278, '::1', '2022-03-17'),
(279, '::1', '2022-03-17'),
(280, '::1', '2022-03-17'),
(281, '::1', '2022-03-17'),
(282, '::1', '2022-03-17'),
(283, '::1', '2022-03-17'),
(284, '::1', '2022-03-17'),
(285, '::1', '2022-03-17'),
(286, '::1', '2022-03-17'),
(287, '::1', '2022-03-17'),
(288, '::1', '2022-03-17'),
(289, '::1', '2022-03-17'),
(290, '::1', '2022-03-17'),
(291, '::1', '2022-03-17'),
(292, '::1', '2022-03-17'),
(293, '::1', '2022-03-17'),
(294, '::1', '2022-03-17'),
(295, '::1', '2022-03-17'),
(296, '::1', '2022-03-17'),
(297, '::1', '2022-03-17'),
(298, '::1', '2022-03-17'),
(299, '::1', '2022-03-17'),
(300, '::1', '2022-03-17'),
(301, '::1', '2022-03-17'),
(302, '::1', '2022-03-17'),
(303, '::1', '2022-03-17'),
(304, '::1', '2022-03-17'),
(305, '::1', '2022-03-17'),
(306, '::1', '2022-03-17'),
(307, '::1', '2022-03-17'),
(308, '::1', '2022-03-17'),
(309, '::1', '2022-03-17'),
(310, '::1', '2022-03-17'),
(311, '::1', '2022-03-17'),
(312, '::1', '2022-03-17'),
(313, '::1', '2022-03-17'),
(314, '::1', '2022-03-17'),
(315, '::1', '2022-03-17'),
(316, '::1', '2022-03-17'),
(317, '::1', '2022-03-17'),
(318, '::1', '2022-03-17'),
(319, '::1', '2022-03-17'),
(320, '::1', '2022-03-17'),
(321, '::1', '2022-03-17'),
(322, '::1', '2022-03-17'),
(323, '::1', '2022-03-17'),
(324, '::1', '2022-03-17'),
(325, '::1', '2022-03-17'),
(326, '::1', '2022-03-17'),
(327, '::1', '2022-03-17'),
(328, '::1', '2022-03-17'),
(329, '::1', '2022-03-17'),
(330, '::1', '2022-03-17'),
(331, '::1', '2022-03-17'),
(332, '::1', '2022-03-17'),
(333, '::1', '2022-03-17'),
(334, '::1', '2022-03-17'),
(335, '::1', '2022-03-17'),
(336, '::1', '2022-03-17'),
(337, '::1', '2022-03-17'),
(338, '::1', '2022-03-17'),
(339, '::1', '2022-03-17'),
(340, '::1', '2022-03-17'),
(341, '::1', '2022-03-17'),
(342, '::1', '2022-03-17'),
(343, '::1', '2022-03-17'),
(344, '::1', '2022-03-17'),
(345, '::1', '2022-03-17'),
(346, '::1', '2022-03-17'),
(347, '::1', '2022-03-17'),
(348, '::1', '2022-03-17'),
(349, '::1', '2022-03-17'),
(350, '::1', '2022-03-17'),
(351, '::1', '2022-03-17'),
(352, '::1', '2022-03-17'),
(353, '::1', '2022-03-17'),
(354, '::1', '2022-03-17'),
(355, '::1', '2022-03-17'),
(356, '::1', '2022-03-17'),
(357, '::1', '2022-03-17'),
(358, '::1', '2022-03-17'),
(359, '::1', '2022-03-17'),
(360, '::1', '2022-03-17'),
(361, '::1', '2022-03-17'),
(362, '::1', '2022-03-18'),
(363, '::1', '2022-03-18'),
(364, '::1', '2022-03-18'),
(365, '::1', '2022-03-18'),
(366, '::1', '2022-03-18'),
(367, '::1', '2022-03-18'),
(368, '::1', '2022-03-18'),
(369, '::1', '2022-03-18'),
(370, '::1', '2022-03-18'),
(371, '::1', '2022-03-18'),
(372, '::1', '2022-03-18'),
(373, '::1', '2022-03-18'),
(374, '::1', '2022-03-18'),
(375, '::1', '2022-03-18'),
(376, '::1', '2022-03-18'),
(377, '::1', '2022-03-18'),
(378, '::1', '2022-03-18'),
(379, '::1', '2022-03-18'),
(380, '::1', '2022-03-18'),
(381, '::1', '2022-03-18'),
(382, '::1', '2022-03-18'),
(383, '::1', '2022-03-18'),
(384, '::1', '2022-03-18'),
(385, '::1', '2022-03-18'),
(386, '::1', '2022-03-18'),
(387, '::1', '2022-03-18'),
(388, '::1', '2022-03-18'),
(389, '::1', '2022-03-18'),
(390, '::1', '2022-03-18'),
(391, '::1', '2022-03-18'),
(392, '::1', '2022-03-18'),
(393, '::1', '2022-03-18'),
(394, '::1', '2022-03-18'),
(395, '::1', '2022-03-18'),
(396, '::1', '2022-03-18'),
(397, '::1', '2022-03-18'),
(398, '::1', '2022-03-18'),
(399, '::1', '2022-03-18'),
(400, '::1', '2022-03-18'),
(401, '::1', '2022-03-18'),
(402, '::1', '2022-03-18'),
(403, '::1', '2022-03-18'),
(404, '::1', '2022-03-18'),
(405, '::1', '2022-03-18'),
(406, '::1', '2022-03-18'),
(407, '::1', '2022-03-18'),
(408, '::1', '2022-03-18'),
(409, '::1', '2022-03-18'),
(410, '::1', '2022-03-18'),
(411, '::1', '2022-03-18'),
(412, '::1', '2022-03-18'),
(413, '::1', '2022-03-18'),
(414, '::1', '2022-03-18'),
(415, '::1', '2022-03-18'),
(416, '::1', '2022-03-18'),
(417, '::1', '2022-03-18'),
(418, '::1', '2022-03-18'),
(419, '::1', '2022-03-18'),
(420, '::1', '2022-03-18'),
(421, '::1', '2022-03-18'),
(422, '::1', '2022-03-18'),
(423, '::1', '2022-03-18'),
(424, '::1', '2022-03-18'),
(425, '::1', '2022-03-18'),
(426, '::1', '2022-03-18'),
(427, '::1', '2022-03-18'),
(428, '::1', '2022-03-18'),
(429, '::1', '2022-03-18'),
(430, '::1', '2022-03-18'),
(431, '::1', '2022-03-18'),
(432, '::1', '2022-03-18'),
(433, '::1', '2022-03-18'),
(434, '::1', '2022-03-18'),
(435, '::1', '2022-03-18'),
(436, '::1', '2022-03-18'),
(437, '::1', '2022-03-18'),
(438, '::1', '2022-03-18'),
(439, '::1', '2022-03-18'),
(440, '::1', '2022-03-18'),
(441, '::1', '2022-03-18'),
(442, '::1', '2022-03-18'),
(443, '::1', '2022-03-18'),
(444, '::1', '2022-03-18'),
(445, '::1', '2022-03-18'),
(446, '::1', '2022-03-18'),
(447, '::1', '2022-03-18'),
(448, '::1', '2022-03-18'),
(449, '::1', '2022-03-18'),
(450, '::1', '2022-03-18'),
(451, '::1', '2022-03-18'),
(452, '::1', '2022-03-18'),
(453, '::1', '2022-03-18'),
(454, '::1', '2022-03-18'),
(455, '::1', '2022-03-18'),
(456, '::1', '2022-03-18'),
(457, '::1', '2022-03-18'),
(458, '::1', '2022-03-18'),
(459, '::1', '2022-03-18'),
(460, '::1', '2022-03-18'),
(461, '::1', '2022-03-18'),
(462, '::1', '2022-03-18'),
(463, '::1', '2022-03-18'),
(464, '::1', '2022-03-18'),
(465, '::1', '2022-03-18'),
(466, '::1', '2022-03-18'),
(467, '::1', '2022-03-18'),
(468, '::1', '2022-03-18'),
(469, '::1', '2022-03-18'),
(470, '::1', '2022-03-18'),
(471, '::1', '2022-03-18'),
(472, '::1', '2022-03-18'),
(473, '::1', '2022-03-18'),
(474, '::1', '2022-03-18'),
(475, '::1', '2022-03-18'),
(476, '::1', '2022-03-18'),
(477, '::1', '2022-03-18'),
(478, '::1', '2022-03-18'),
(479, '::1', '2022-03-18'),
(480, '::1', '2022-03-18'),
(481, '::1', '2022-03-18'),
(482, '::1', '2022-03-18'),
(483, '::1', '2022-03-18'),
(484, '::1', '2022-03-18'),
(485, '::1', '2022-03-18'),
(486, '::1', '2022-03-18'),
(487, '::1', '2022-03-18'),
(488, '::1', '2022-03-18'),
(489, '::1', '2022-03-18'),
(490, '::1', '2022-03-18'),
(491, '::1', '2022-03-18'),
(492, '::1', '2022-03-18'),
(493, '::1', '2022-03-18'),
(494, '::1', '2022-03-18'),
(495, '::1', '2022-03-18'),
(496, '::1', '2022-03-18'),
(497, '::1', '2022-03-18'),
(498, '::1', '2022-03-18'),
(499, '::1', '2022-03-18'),
(500, '::1', '2022-03-18'),
(501, '::1', '2022-03-18'),
(502, '::1', '2022-03-18'),
(503, '::1', '2022-03-18'),
(504, '::1', '2022-03-18'),
(505, '::1', '2022-03-18'),
(506, '::1', '2022-03-18'),
(507, '::1', '2022-03-18'),
(508, '::1', '2022-03-18'),
(509, '::1', '2022-03-18'),
(510, '::1', '2022-03-18'),
(511, '::1', '2022-03-18'),
(512, '::1', '2022-03-18'),
(513, '::1', '2022-03-18'),
(514, '::1', '2022-03-18'),
(515, '::1', '2022-03-18'),
(516, '::1', '2022-03-18'),
(517, '::1', '2022-03-18'),
(518, '::1', '2022-03-18'),
(519, '::1', '2022-03-18'),
(520, '::1', '2022-03-18'),
(521, '::1', '2022-03-18'),
(522, '::1', '2022-03-18'),
(523, '::1', '2022-03-18'),
(524, '::1', '2022-03-18'),
(525, '::1', '2022-03-18'),
(526, '::1', '2022-03-18'),
(527, '::1', '2022-03-18'),
(528, '::1', '2022-03-18'),
(529, '::1', '2022-03-18'),
(530, '::1', '2022-03-18'),
(531, '::1', '2022-03-18'),
(532, '::1', '2022-03-18'),
(533, '::1', '2022-03-18'),
(534, '::1', '2022-03-18'),
(535, '::1', '2022-03-18'),
(536, '::1', '2022-03-18'),
(537, '::1', '2022-03-18'),
(538, '::1', '2022-03-18'),
(539, '::1', '2022-03-18'),
(540, '::1', '2022-03-18'),
(541, '::1', '2022-03-18'),
(542, '::1', '2022-03-18'),
(543, '::1', '2022-03-18'),
(544, '::1', '2022-03-18'),
(545, '::1', '2022-03-18'),
(546, '::1', '2022-03-18'),
(547, '::1', '2022-03-18'),
(548, '::1', '2022-03-18'),
(549, '::1', '2022-03-18'),
(550, '::1', '2022-03-18'),
(551, '::1', '2022-03-18'),
(552, '::1', '2022-03-18'),
(553, '::1', '2022-03-18'),
(554, '::1', '2022-03-18'),
(555, '::1', '2022-03-18'),
(556, '::1', '2022-03-18'),
(557, '::1', '2022-03-18'),
(558, '::1', '2022-03-18'),
(559, '::1', '2022-03-18'),
(560, '::1', '2022-03-18'),
(561, '::1', '2022-03-18'),
(562, '::1', '2022-03-18'),
(563, '::1', '2022-03-18'),
(564, '::1', '2022-03-18'),
(565, '::1', '2022-03-18'),
(566, '::1', '2022-03-18'),
(567, '::1', '2022-03-18'),
(568, '::1', '2022-03-18'),
(569, '::1', '2022-03-18'),
(570, '::1', '2022-03-18'),
(571, '::1', '2022-03-18'),
(572, '::1', '2022-03-18'),
(573, '::1', '2022-03-18'),
(574, '::1', '2022-03-18'),
(575, '::1', '2022-03-18'),
(576, '::1', '2022-03-18'),
(577, '::1', '2022-03-18'),
(578, '::1', '2022-03-18'),
(579, '::1', '2022-03-18'),
(580, '::1', '2022-03-18'),
(581, '::1', '2022-03-18'),
(582, '::1', '2022-03-18'),
(583, '::1', '2022-03-18'),
(584, '::1', '2022-03-18'),
(585, '::1', '2022-03-18'),
(586, '::1', '2022-03-18'),
(587, '::1', '2022-03-18'),
(588, '::1', '2022-03-18'),
(589, '::1', '2022-03-18'),
(590, '::1', '2022-03-18'),
(591, '::1', '2022-03-18'),
(592, '::1', '2022-03-18'),
(593, '::1', '2022-03-18'),
(594, '::1', '2022-03-18'),
(595, '::1', '2022-03-18'),
(596, '::1', '2022-03-18'),
(597, '::1', '2022-03-18'),
(598, '::1', '2022-03-18'),
(599, '::1', '2022-03-18'),
(600, '::1', '2022-03-18'),
(601, '::1', '2022-03-18'),
(602, '::1', '2022-03-18'),
(603, '::1', '2022-03-18'),
(604, '::1', '2022-03-18'),
(605, '::1', '2022-03-18'),
(606, '::1', '2022-03-18'),
(607, '::1', '2022-03-18'),
(608, '::1', '2022-03-18'),
(609, '::1', '2022-03-18'),
(610, '::1', '2022-03-18'),
(611, '::1', '2022-03-18'),
(612, '::1', '2022-03-19'),
(613, '::1', '2022-03-19'),
(614, '::1', '2022-03-19'),
(615, '::1', '2022-03-19'),
(616, '::1', '2022-03-19'),
(617, '::1', '2022-03-19'),
(618, '::1', '2022-03-19'),
(619, '::1', '2022-03-19'),
(620, '::1', '2022-03-19'),
(621, '::1', '2022-03-19'),
(622, '::1', '2022-03-19'),
(623, '::1', '2022-03-19'),
(624, '::1', '2022-03-19'),
(625, '::1', '2022-03-19'),
(626, '::1', '2022-03-19'),
(627, '::1', '2022-03-19'),
(628, '::1', '2022-03-19'),
(629, '::1', '2022-03-19'),
(630, '::1', '2022-03-19'),
(631, '::1', '2022-03-19'),
(632, '::1', '2022-03-19'),
(633, '::1', '2022-03-19'),
(634, '::1', '2022-03-19'),
(635, '::1', '2022-03-19'),
(636, '::1', '2022-03-19'),
(637, '::1', '2022-03-19'),
(638, '::1', '2022-03-19'),
(639, '::1', '2022-03-19'),
(640, '::1', '2022-03-19'),
(641, '::1', '2022-03-19'),
(642, '::1', '2022-03-19'),
(643, '::1', '2022-03-19'),
(644, '::1', '2022-03-19'),
(645, '::1', '2022-03-19'),
(646, '::1', '2022-03-19'),
(647, '::1', '2022-03-19'),
(648, '::1', '2022-03-19'),
(649, '::1', '2022-03-19'),
(650, '::1', '2022-03-19'),
(651, '::1', '2022-03-19'),
(652, '::1', '2022-03-19'),
(653, '::1', '2022-03-19'),
(654, '::1', '2022-03-19'),
(655, '::1', '2022-03-19'),
(656, '::1', '2022-03-19'),
(657, '::1', '2022-03-19'),
(658, '::1', '2022-03-19'),
(659, '::1', '2022-03-19'),
(660, '::1', '2022-03-19'),
(661, '::1', '2022-03-19'),
(662, '::1', '2022-03-19'),
(663, '::1', '2022-03-19'),
(664, '::1', '2022-03-19'),
(665, '::1', '2022-03-19'),
(666, '::1', '2022-03-19'),
(667, '::1', '2022-03-19'),
(668, '::1', '2022-03-19'),
(669, '::1', '2022-03-19'),
(670, '::1', '2022-03-19'),
(671, '::1', '2022-03-19'),
(672, '::1', '2022-03-19'),
(673, '::1', '2022-03-19'),
(674, '::1', '2022-03-19'),
(675, '::1', '2022-03-19'),
(676, '::1', '2022-03-19'),
(677, '::1', '2022-03-19'),
(678, '::1', '2022-03-19'),
(679, '::1', '2022-03-19'),
(680, '::1', '2022-03-19'),
(681, '::1', '2022-03-19'),
(682, '::1', '2022-03-19'),
(683, '::1', '2022-03-19'),
(684, '::1', '2022-03-19'),
(685, '::1', '2022-03-19'),
(686, '::1', '2022-03-19'),
(687, '::1', '2022-03-19'),
(688, '::1', '2022-03-19'),
(689, '::1', '2022-03-19'),
(690, '::1', '2022-03-19'),
(691, '::1', '2022-03-19'),
(692, '::1', '2022-03-19'),
(693, '::1', '2022-03-19'),
(694, '::1', '2022-03-19'),
(695, '::1', '2022-03-19'),
(696, '::1', '2022-03-19'),
(697, '::1', '2022-03-19'),
(698, '::1', '2022-03-19'),
(699, '::1', '2022-03-19'),
(700, '::1', '2022-03-19'),
(701, '::1', '2022-03-19'),
(702, '::1', '2022-03-19'),
(703, '::1', '2022-03-19'),
(704, '::1', '2022-03-19'),
(705, '::1', '2022-03-19'),
(706, '::1', '2022-03-19'),
(707, '::1', '2022-03-19'),
(708, '::1', '2022-03-19'),
(709, '::1', '2022-03-19'),
(710, '::1', '2022-03-19'),
(711, '::1', '2022-03-19'),
(712, '::1', '2022-03-19'),
(713, '::1', '2022-03-19'),
(714, '::1', '2022-03-19'),
(715, '::1', '2022-03-19'),
(716, '::1', '2022-03-19'),
(717, '::1', '2022-03-19'),
(718, '::1', '2022-03-19'),
(719, '::1', '2022-03-19'),
(720, '::1', '2022-03-19'),
(721, '::1', '2022-03-19'),
(722, '::1', '2022-03-19'),
(723, '::1', '2022-03-19'),
(724, '::1', '2022-03-19'),
(725, '::1', '2022-03-19'),
(726, '::1', '2022-03-19'),
(727, '::1', '2022-03-19'),
(728, '::1', '2022-03-19'),
(729, '::1', '2022-03-19'),
(730, '::1', '2022-03-19'),
(731, '::1', '2022-03-19'),
(732, '::1', '2022-03-19'),
(733, '::1', '2022-03-19'),
(734, '::1', '2022-03-19'),
(735, '::1', '2022-03-19'),
(736, '::1', '2022-03-19'),
(737, '::1', '2022-03-19'),
(738, '::1', '2022-03-19'),
(739, '::1', '2022-03-19'),
(740, '::1', '2022-03-19'),
(741, '::1', '2022-03-19'),
(742, '::1', '2022-03-19'),
(743, '::1', '2022-03-19'),
(744, '::1', '2022-03-19'),
(745, '::1', '2022-03-19'),
(746, '::1', '2022-03-19'),
(747, '::1', '2022-03-19'),
(748, '::1', '2022-03-19'),
(749, '::1', '2022-03-19'),
(750, '::1', '2022-03-19'),
(751, '::1', '2022-03-19'),
(752, '::1', '2022-03-19'),
(753, '::1', '2022-03-19'),
(754, '::1', '2022-03-19'),
(755, '::1', '2022-03-19'),
(756, '::1', '2022-03-19'),
(757, '::1', '2022-03-19'),
(758, '::1', '2022-03-19'),
(759, '::1', '2022-03-19'),
(760, '::1', '2022-03-19'),
(761, '::1', '2022-03-19'),
(762, '::1', '2022-03-19'),
(763, '::1', '2022-03-19'),
(764, '::1', '2022-03-19'),
(765, '::1', '2022-03-19'),
(766, '::1', '2022-03-19'),
(767, '::1', '2022-03-19'),
(768, '::1', '2022-03-19'),
(769, '::1', '2022-03-19'),
(770, '::1', '2022-03-19'),
(771, '::1', '2022-03-19'),
(772, '::1', '2022-03-19'),
(773, '::1', '2022-03-19'),
(774, '::1', '2022-03-19'),
(775, '::1', '2022-03-19'),
(776, '::1', '2022-03-19'),
(777, '::1', '2022-03-19'),
(778, '::1', '2022-03-19'),
(779, '::1', '2022-03-19'),
(780, '::1', '2022-03-19'),
(781, '::1', '2022-03-19'),
(782, '::1', '2022-03-19'),
(783, '::1', '2022-03-19'),
(784, '::1', '2022-03-19'),
(785, '::1', '2022-03-19'),
(786, '::1', '2022-03-19'),
(787, '::1', '2022-03-19'),
(788, '::1', '2022-03-19'),
(789, '::1', '2022-03-19'),
(790, '::1', '2022-03-19'),
(791, '::1', '2022-03-19'),
(792, '::1', '2022-03-19'),
(793, '::1', '2022-03-19'),
(794, '::1', '2022-03-19'),
(795, '::1', '2022-03-19'),
(796, '::1', '2022-03-19'),
(797, '::1', '2022-03-19'),
(798, '::1', '2022-03-19'),
(799, '::1', '2022-03-19'),
(800, '::1', '2022-03-19'),
(801, '::1', '2022-03-19'),
(802, '::1', '2022-03-19'),
(803, '::1', '2022-03-19'),
(804, '::1', '2022-03-19'),
(805, '::1', '2022-03-19'),
(806, '::1', '2022-03-19'),
(807, '::1', '2022-03-19'),
(808, '::1', '2022-03-19'),
(809, '::1', '2022-03-19'),
(810, '::1', '2022-03-19'),
(811, '::1', '2022-03-19'),
(812, '::1', '2022-03-19'),
(813, '::1', '2022-03-19'),
(814, '::1', '2022-03-19'),
(815, '::1', '2022-03-19'),
(816, '::1', '2022-03-19'),
(817, '::1', '2022-03-19'),
(818, '::1', '2022-03-19'),
(819, '::1', '2022-03-19'),
(820, '::1', '2022-03-19'),
(821, '::1', '2022-03-19'),
(822, '::1', '2022-03-19'),
(823, '::1', '2022-03-19'),
(824, '::1', '2022-03-19'),
(825, '::1', '2022-03-19'),
(826, '::1', '2022-03-19'),
(827, '::1', '2022-03-19'),
(828, '::1', '2022-03-19'),
(829, '::1', '2022-03-19'),
(830, '::1', '2022-03-19'),
(831, '::1', '2022-03-19'),
(832, '::1', '2022-03-19'),
(833, '::1', '2022-03-19'),
(834, '::1', '2022-03-19'),
(835, '::1', '2022-03-19'),
(836, '::1', '2022-03-19'),
(837, '::1', '2022-03-19'),
(838, '::1', '2022-03-19'),
(839, '::1', '2022-03-19'),
(840, '::1', '2022-03-19'),
(841, '::1', '2022-03-19'),
(842, '::1', '2022-03-19'),
(843, '::1', '2022-03-19'),
(844, '::1', '2022-03-19'),
(845, '::1', '2022-03-19'),
(846, '::1', '2022-03-19'),
(847, '::1', '2022-03-19'),
(848, '::1', '2022-03-19'),
(849, '::1', '2022-03-19'),
(850, '::1', '2022-03-19'),
(851, '::1', '2022-03-19'),
(852, '::1', '2022-03-19'),
(853, '::1', '2022-03-19'),
(854, '::1', '2022-03-19'),
(855, '::1', '2022-03-19'),
(856, '::1', '2022-03-19'),
(857, '::1', '2022-03-19'),
(858, '::1', '2022-03-19'),
(859, '::1', '2022-03-19'),
(860, '::1', '2022-03-19'),
(861, '::1', '2022-03-19'),
(862, '::1', '2022-03-19'),
(863, '::1', '2022-03-19'),
(864, '::1', '2022-03-19'),
(865, '::1', '2022-03-19'),
(866, '::1', '2022-03-19'),
(867, '::1', '2022-03-19'),
(868, '::1', '2022-03-19'),
(869, '::1', '2022-03-19'),
(870, '::1', '2022-03-19'),
(871, '::1', '2022-03-19'),
(872, '::1', '2022-03-19'),
(873, '::1', '2022-03-19'),
(874, '::1', '2022-03-19'),
(875, '::1', '2022-03-19'),
(876, '::1', '2022-03-19'),
(877, '::1', '2022-03-19'),
(878, '::1', '2022-03-19'),
(879, '::1', '2022-03-19'),
(880, '::1', '2022-03-19'),
(881, '::1', '2022-03-19'),
(882, '::1', '2022-03-19'),
(883, '::1', '2022-03-19'),
(884, '::1', '2022-03-19'),
(885, '::1', '2022-03-19'),
(886, '::1', '2022-03-19'),
(887, '::1', '2022-03-19'),
(888, '::1', '2022-03-19'),
(889, '::1', '2022-03-19'),
(890, '::1', '2022-03-19'),
(891, '::1', '2022-03-19'),
(892, '::1', '2022-03-19'),
(893, '::1', '2022-03-19'),
(894, '::1', '2022-03-19'),
(895, '::1', '2022-03-19'),
(896, '::1', '2022-03-19'),
(897, '::1', '2022-03-19'),
(898, '::1', '2022-03-19'),
(899, '::1', '2022-03-19'),
(900, '::1', '2022-03-19'),
(901, '::1', '2022-03-19'),
(902, '::1', '2022-03-19'),
(903, '::1', '2022-03-19'),
(904, '::1', '2022-03-19'),
(905, '::1', '2022-03-19'),
(906, '::1', '2022-03-19'),
(907, '::1', '2022-03-19'),
(908, '::1', '2022-03-19'),
(909, '::1', '2022-03-19'),
(910, '::1', '2022-03-19'),
(911, '::1', '2022-03-19'),
(912, '::1', '2022-03-19'),
(913, '::1', '2022-03-19'),
(914, '::1', '2022-03-19'),
(915, '::1', '2022-03-19'),
(916, '::1', '2022-03-19'),
(917, '::1', '2022-03-19'),
(918, '::1', '2022-03-19'),
(919, '::1', '2022-03-19'),
(920, '::1', '2022-03-19'),
(921, '::1', '2022-03-19'),
(922, '::1', '2022-03-20'),
(923, '::1', '2022-03-20'),
(924, '::1', '2022-03-20'),
(925, '::1', '2022-03-20'),
(926, '::1', '2022-03-20'),
(927, '::1', '2022-03-20'),
(928, '::1', '2022-03-20'),
(929, '::1', '2022-03-20'),
(930, '::1', '2022-03-20'),
(931, '::1', '2022-03-20'),
(932, '::1', '2022-03-20'),
(933, '::1', '2022-03-20'),
(934, '::1', '2022-03-20'),
(935, '::1', '2022-03-20'),
(936, '::1', '2022-03-20'),
(937, '::1', '2022-03-20'),
(938, '::1', '2022-03-20'),
(939, '::1', '2022-03-20'),
(940, '::1', '2022-03-20'),
(941, '::1', '2022-03-20'),
(942, '::1', '2022-03-20'),
(943, '::1', '2022-03-20'),
(944, '::1', '2022-03-20'),
(945, '::1', '2022-03-20'),
(946, '::1', '2022-03-20'),
(947, '::1', '2022-03-20'),
(948, '::1', '2022-03-20'),
(949, '::1', '2022-03-20'),
(950, '::1', '2022-03-20'),
(951, '::1', '2022-03-20'),
(952, '::1', '2022-03-20'),
(953, '::1', '2022-03-20'),
(954, '::1', '2022-03-20'),
(955, '::1', '2022-03-20'),
(956, '::1', '2022-03-20'),
(957, '::1', '2022-03-20'),
(958, '::1', '2022-03-20'),
(959, '::1', '2022-03-20'),
(960, '::1', '2022-03-20'),
(961, '::1', '2022-03-20'),
(962, '::1', '2022-03-20'),
(963, '::1', '2022-03-20'),
(964, '::1', '2022-03-20'),
(965, '::1', '2022-03-20'),
(966, '::1', '2022-03-20'),
(967, '::1', '2022-03-20'),
(968, '::1', '2022-03-20'),
(969, '::1', '2022-03-20'),
(970, '::1', '2022-03-20'),
(971, '::1', '2022-03-20'),
(972, '::1', '2022-03-20'),
(973, '::1', '2022-03-20'),
(974, '::1', '2022-03-20'),
(975, '::1', '2022-03-20'),
(976, '::1', '2022-03-20'),
(977, '::1', '2022-03-20'),
(978, '::1', '2022-03-20'),
(979, '::1', '2022-03-20'),
(980, '::1', '2022-03-20'),
(981, '::1', '2022-03-20'),
(982, '::1', '2022-03-20'),
(983, '::1', '2022-03-20'),
(984, '::1', '2022-03-20'),
(985, '::1', '2022-03-20'),
(986, '::1', '2022-03-20'),
(987, '::1', '2022-03-20'),
(988, '::1', '2022-03-20'),
(989, '::1', '2022-03-20'),
(990, '::1', '2022-03-20'),
(991, '::1', '2022-03-20'),
(992, '::1', '2022-03-20'),
(993, '::1', '2022-03-20'),
(994, '::1', '2022-03-20'),
(995, '::1', '2022-03-20'),
(996, '::1', '2022-03-20'),
(997, '::1', '2022-03-20'),
(998, '::1', '2022-03-20'),
(999, '::1', '2022-03-20'),
(1000, '::1', '2022-03-20'),
(1001, '::1', '2022-03-20'),
(1002, '::1', '2022-03-20'),
(1003, '::1', '2022-03-20'),
(1004, '::1', '2022-03-20'),
(1005, '::1', '2022-03-20'),
(1006, '::1', '2022-03-20'),
(1007, '::1', '2022-03-20'),
(1008, '::1', '2022-03-20'),
(1009, '::1', '2022-03-20'),
(1010, '::1', '2022-03-20'),
(1011, '::1', '2022-03-20'),
(1012, '::1', '2022-03-20'),
(1013, '::1', '2022-03-20'),
(1014, '::1', '2022-03-20'),
(1015, '::1', '2022-03-20'),
(1016, '::1', '2022-03-20'),
(1017, '::1', '2022-03-20'),
(1018, '::1', '2022-03-20'),
(1019, '::1', '2022-03-20'),
(1020, '::1', '2022-03-20'),
(1021, '::1', '2022-03-20'),
(1022, '::1', '2022-03-20'),
(1023, '::1', '2022-03-20'),
(1024, '::1', '2022-03-20'),
(1025, '::1', '2022-03-20'),
(1026, '::1', '2022-03-20'),
(1027, '::1', '2022-03-20'),
(1028, '::1', '2022-03-20'),
(1029, '::1', '2022-03-20'),
(1030, '::1', '2022-03-20'),
(1031, '::1', '2022-03-20'),
(1032, '::1', '2022-03-20'),
(1033, '::1', '2022-03-20'),
(1034, '::1', '2022-03-20'),
(1035, '::1', '2022-03-20'),
(1036, '::1', '2022-03-20'),
(1037, '::1', '2022-03-20'),
(1038, '::1', '2022-03-20'),
(1039, '::1', '2022-03-20'),
(1040, '::1', '2022-03-20'),
(1041, '::1', '2022-03-20'),
(1042, '::1', '2022-03-20'),
(1043, '::1', '2022-03-20'),
(1044, '::1', '2022-03-20'),
(1045, '::1', '2022-03-20'),
(1046, '::1', '2022-03-20'),
(1047, '::1', '2022-03-20'),
(1048, '::1', '2022-03-20'),
(1049, '::1', '2022-03-20'),
(1050, '::1', '2022-03-20'),
(1051, '::1', '2022-03-20'),
(1052, '::1', '2022-03-20'),
(1053, '::1', '2022-03-20'),
(1054, '::1', '2022-03-20'),
(1055, '::1', '2022-03-20'),
(1056, '::1', '2022-03-20'),
(1057, '::1', '2022-03-20'),
(1058, '::1', '2022-03-20'),
(1059, '::1', '2022-03-20'),
(1060, '::1', '2022-03-20'),
(1061, '::1', '2022-03-20'),
(1062, '::1', '2022-03-20'),
(1063, '::1', '2022-03-20'),
(1064, '::1', '2022-03-20'),
(1065, '::1', '2022-03-20'),
(1066, '::1', '2022-03-20'),
(1067, '::1', '2022-03-20'),
(1068, '::1', '2022-03-20'),
(1069, '::1', '2022-03-20'),
(1070, '::1', '2022-03-20'),
(1071, '::1', '2022-03-20'),
(1072, '::1', '2022-03-20'),
(1073, '::1', '2022-03-20'),
(1074, '::1', '2022-03-20'),
(1075, '::1', '2022-03-20'),
(1076, '::1', '2022-03-20'),
(1077, '::1', '2022-03-20'),
(1078, '::1', '2022-03-20'),
(1079, '::1', '2022-03-20'),
(1080, '::1', '2022-03-20'),
(1081, '::1', '2022-03-20'),
(1082, '::1', '2022-03-20'),
(1083, '::1', '2022-03-20'),
(1084, '::1', '2022-03-20'),
(1085, '::1', '2022-03-20'),
(1086, '::1', '2022-03-20'),
(1087, '::1', '2022-03-20'),
(1088, '::1', '2022-03-20'),
(1089, '::1', '2022-03-20'),
(1090, '::1', '2022-03-20'),
(1091, '::1', '2022-03-20'),
(1092, '::1', '2022-03-20'),
(1093, '::1', '2022-03-20'),
(1094, '::1', '2022-03-20'),
(1095, '::1', '2022-03-20'),
(1096, '::1', '2022-03-20'),
(1097, '::1', '2022-03-20'),
(1098, '::1', '2022-03-20'),
(1099, '::1', '2022-03-20'),
(1100, '::1', '2022-03-20'),
(1101, '::1', '2022-03-20'),
(1102, '::1', '2022-03-20'),
(1103, '::1', '2022-03-20'),
(1104, '::1', '2022-03-20'),
(1105, '::1', '2022-03-20'),
(1106, '::1', '2022-03-20'),
(1107, '::1', '2022-03-20'),
(1108, '::1', '2022-03-20'),
(1109, '::1', '2022-03-20'),
(1110, '::1', '2022-03-20'),
(1111, '::1', '2022-03-20'),
(1112, '::1', '2022-03-20'),
(1113, '::1', '2022-03-20'),
(1114, '::1', '2022-03-20'),
(1115, '::1', '2022-03-20'),
(1116, '::1', '2022-03-20'),
(1117, '::1', '2022-03-20'),
(1118, '::1', '2022-03-20'),
(1119, '::1', '2022-03-20'),
(1120, '::1', '2022-03-20'),
(1121, '::1', '2022-03-20'),
(1122, '::1', '2022-03-20'),
(1123, '::1', '2022-03-20'),
(1124, '::1', '2022-03-20'),
(1125, '::1', '2022-03-20'),
(1126, '::1', '2022-03-20'),
(1127, '::1', '2022-03-20'),
(1128, '::1', '2022-03-20'),
(1129, '::1', '2022-03-20'),
(1130, '::1', '2022-03-20'),
(1131, '::1', '2022-03-20'),
(1132, '::1', '2022-03-20'),
(1133, '::1', '2022-03-20'),
(1134, '::1', '2022-03-20'),
(1135, '::1', '2022-03-20'),
(1136, '::1', '2022-03-20'),
(1137, '::1', '2022-03-20'),
(1138, '::1', '2022-03-20'),
(1139, '::1', '2022-03-20'),
(1140, '::1', '2022-03-20'),
(1141, '::1', '2022-03-20'),
(1142, '::1', '2022-03-20'),
(1143, '::1', '2022-03-20'),
(1144, '::1', '2022-03-20'),
(1145, '::1', '2022-03-20'),
(1146, '::1', '2022-03-20'),
(1147, '::1', '2022-03-20'),
(1148, '::1', '2022-03-20'),
(1149, '::1', '2022-03-20'),
(1150, '::1', '2022-03-20'),
(1151, '::1', '2022-03-20'),
(1152, '::1', '2022-03-20'),
(1153, '::1', '2022-03-20'),
(1154, '::1', '2022-03-20'),
(1155, '::1', '2022-03-20'),
(1156, '::1', '2022-03-20'),
(1157, '::1', '2022-03-20'),
(1158, '::1', '2022-03-20'),
(1159, '::1', '2022-03-20'),
(1160, '::1', '2022-03-20'),
(1161, '::1', '2022-03-20'),
(1162, '::1', '2022-03-20'),
(1163, '::1', '2022-03-20'),
(1164, '::1', '2022-03-20'),
(1165, '::1', '2022-03-20'),
(1166, '::1', '2022-03-20'),
(1167, '::1', '2022-03-20'),
(1168, '::1', '2022-03-20'),
(1169, '::1', '2022-03-20'),
(1170, '::1', '2022-03-20'),
(1171, '::1', '2022-03-20'),
(1172, '::1', '2022-03-20'),
(1173, '::1', '2022-03-20'),
(1174, '::1', '2022-03-20'),
(1175, '::1', '2022-03-20'),
(1176, '::1', '2022-03-20'),
(1177, '::1', '2022-03-20'),
(1178, '::1', '2022-03-20'),
(1179, '::1', '2022-03-20'),
(1180, '::1', '2022-03-20'),
(1181, '::1', '2022-03-20'),
(1182, '::1', '2022-03-20'),
(1183, '::1', '2022-03-20'),
(1184, '::1', '2022-03-20'),
(1185, '::1', '2022-03-20'),
(1186, '::1', '2022-03-20'),
(1187, '::1', '2022-03-20'),
(1188, '::1', '2022-03-20'),
(1189, '::1', '2022-03-20'),
(1190, '::1', '2022-03-20'),
(1191, '::1', '2022-03-20'),
(1192, '::1', '2022-03-20'),
(1193, '::1', '2022-03-20'),
(1194, '::1', '2022-03-20'),
(1195, '::1', '2022-03-20'),
(1196, '::1', '2022-03-20'),
(1197, '::1', '2022-03-20'),
(1198, '::1', '2022-03-20'),
(1199, '::1', '2022-03-20'),
(1200, '::1', '2022-03-20'),
(1201, '::1', '2022-03-20'),
(1202, '::1', '2022-03-20'),
(1203, '::1', '2022-03-20'),
(1204, '::1', '2022-03-20'),
(1205, '::1', '2022-03-20'),
(1206, '::1', '2022-03-20'),
(1207, '::1', '2022-03-20'),
(1208, '::1', '2022-03-20'),
(1209, '::1', '2022-03-20'),
(1210, '::1', '2022-03-20'),
(1211, '::1', '2022-03-20'),
(1212, '::1', '2022-03-20'),
(1213, '::1', '2022-03-20'),
(1214, '::1', '2022-03-20'),
(1215, '::1', '2022-03-20'),
(1216, '::1', '2022-03-20'),
(1217, '::1', '2022-03-20'),
(1218, '::1', '2022-03-20'),
(1219, '::1', '2022-03-20'),
(1220, '::1', '2022-03-20'),
(1221, '::1', '2022-03-20'),
(1222, '::1', '2022-03-20'),
(1223, '::1', '2022-03-20'),
(1224, '::1', '2022-03-20'),
(1225, '::1', '2022-03-20'),
(1226, '::1', '2022-03-20'),
(1227, '::1', '2022-03-20'),
(1228, '::1', '2022-03-20'),
(1229, '::1', '2022-03-20'),
(1230, '::1', '2022-03-20'),
(1231, '::1', '2022-03-20'),
(1232, '::1', '2022-03-20'),
(1233, '::1', '2022-03-20'),
(1234, '::1', '2022-03-20'),
(1235, '::1', '2022-03-20'),
(1236, '::1', '2022-03-20'),
(1237, '::1', '2022-03-20'),
(1238, '::1', '2022-03-20'),
(1239, '::1', '2022-03-20'),
(1240, '::1', '2022-03-20'),
(1241, '::1', '2022-03-20'),
(1242, '::1', '2022-03-20'),
(1243, '::1', '2022-03-20'),
(1244, '::1', '2022-03-20'),
(1245, '::1', '2022-03-20'),
(1246, '::1', '2022-03-20'),
(1247, '::1', '2022-03-20'),
(1248, '::1', '2022-03-20'),
(1249, '::1', '2022-03-20'),
(1250, '::1', '2022-03-20'),
(1251, '::1', '2022-03-20'),
(1252, '::1', '2022-03-20'),
(1253, '::1', '2022-03-20'),
(1254, '::1', '2022-03-20'),
(1255, '::1', '2022-03-20'),
(1256, '::1', '2022-03-20'),
(1257, '::1', '2022-03-20'),
(1258, '::1', '2022-03-20'),
(1259, '::1', '2022-03-20'),
(1260, '::1', '2022-03-20'),
(1261, '::1', '2022-03-20'),
(1262, '::1', '2022-03-20'),
(1263, '::1', '2022-03-20'),
(1264, '::1', '2022-03-20'),
(1265, '::1', '2022-03-20'),
(1266, '::1', '2022-03-20'),
(1267, '::1', '2022-03-20'),
(1268, '::1', '2022-03-20'),
(1269, '::1', '2022-03-20'),
(1270, '::1', '2022-03-20'),
(1271, '::1', '2022-03-20'),
(1272, '::1', '2022-03-20'),
(1273, '::1', '2022-03-20'),
(1274, '::1', '2022-03-20'),
(1275, '::1', '2022-03-20'),
(1276, '::1', '2022-03-20'),
(1277, '::1', '2022-03-20'),
(1278, '::1', '2022-03-20'),
(1279, '::1', '2022-03-20'),
(1280, '::1', '2022-03-20'),
(1281, '::1', '2022-03-20'),
(1282, '::1', '2022-03-20'),
(1283, '::1', '2022-03-20'),
(1284, '::1', '2022-03-20'),
(1285, '::1', '2022-03-20'),
(1286, '::1', '2022-03-20'),
(1287, '::1', '2022-03-20'),
(1288, '::1', '2022-03-20'),
(1289, '::1', '2022-03-20'),
(1290, '::1', '2022-03-20'),
(1291, '::1', '2022-03-20'),
(1292, '::1', '2022-03-20'),
(1293, '::1', '2022-03-20'),
(1294, '::1', '2022-03-20'),
(1295, '::1', '2022-03-20'),
(1296, '::1', '2022-03-20'),
(1297, '::1', '2022-03-20'),
(1298, '::1', '2022-03-20'),
(1299, '::1', '2022-03-20'),
(1300, '::1', '2022-03-20'),
(1301, '::1', '2022-03-20'),
(1302, '::1', '2022-03-20'),
(1303, '::1', '2022-03-20'),
(1304, '::1', '2022-03-20'),
(1305, '::1', '2022-03-20'),
(1306, '::1', '2022-03-20'),
(1307, '::1', '2022-03-20'),
(1308, '::1', '2022-03-20'),
(1309, '::1', '2022-03-20'),
(1310, '::1', '2022-03-20'),
(1311, '::1', '2022-03-20'),
(1312, '::1', '2022-03-20'),
(1313, '::1', '2022-03-20'),
(1314, '::1', '2022-03-20'),
(1315, '::1', '2022-03-20'),
(1316, '::1', '2022-03-20'),
(1317, '::1', '2022-03-20'),
(1318, '::1', '2022-03-20'),
(1319, '::1', '2022-03-20'),
(1320, '::1', '2022-03-20'),
(1321, '::1', '2022-03-20'),
(1322, '::1', '2022-03-20'),
(1323, '::1', '2022-03-20'),
(1324, '::1', '2022-03-20'),
(1325, '::1', '2022-03-20'),
(1326, '::1', '2022-03-20'),
(1327, '::1', '2022-03-20'),
(1328, '::1', '2022-03-20'),
(1329, '::1', '2022-03-20'),
(1330, '::1', '2022-03-20'),
(1331, '::1', '2022-03-20'),
(1332, '::1', '2022-03-20'),
(1333, '::1', '2022-03-20'),
(1334, '::1', '2022-03-20'),
(1335, '::1', '2022-03-20'),
(1336, '::1', '2022-03-20'),
(1337, '::1', '2022-03-20'),
(1338, '::1', '2022-03-20'),
(1339, '::1', '2022-03-20'),
(1340, '::1', '2022-03-20'),
(1341, '::1', '2022-03-20'),
(1342, '::1', '2022-03-20'),
(1343, '::1', '2022-03-20'),
(1344, '::1', '2022-03-20'),
(1345, '::1', '2022-03-20'),
(1346, '::1', '2022-03-20'),
(1347, '::1', '2022-03-20'),
(1348, '::1', '2022-03-20'),
(1349, '::1', '2022-03-20'),
(1350, '::1', '2022-03-20'),
(1351, '::1', '2022-03-20'),
(1352, '::1', '2022-03-20'),
(1353, '::1', '2022-03-20'),
(1354, '::1', '2022-03-20'),
(1355, '::1', '2022-03-20'),
(1356, '::1', '2022-03-20'),
(1357, '::1', '2022-03-20'),
(1358, '::1', '2022-03-20'),
(1359, '::1', '2022-03-20'),
(1360, '::1', '2022-03-20'),
(1361, '::1', '2022-03-20'),
(1362, '::1', '2022-03-20'),
(1363, '::1', '2022-03-20'),
(1364, '::1', '2022-03-20'),
(1365, '::1', '2022-03-20'),
(1366, '::1', '2022-03-20'),
(1367, '::1', '2022-03-20'),
(1368, '::1', '2022-03-20'),
(1369, '::1', '2022-03-20'),
(1370, '::1', '2022-03-20'),
(1371, '::1', '2022-03-20'),
(1372, '::1', '2022-03-20'),
(1373, '::1', '2022-03-20'),
(1374, '::1', '2022-03-20'),
(1375, '::1', '2022-03-20'),
(1376, '::1', '2022-03-20'),
(1377, '::1', '2022-03-20'),
(1378, '::1', '2022-03-20'),
(1379, '::1', '2022-03-20'),
(1380, '::1', '2022-03-20'),
(1381, '::1', '2022-03-20'),
(1382, '::1', '2022-03-20'),
(1383, '::1', '2022-03-20'),
(1384, '::1', '2022-03-20'),
(1385, '::1', '2022-03-20'),
(1386, '::1', '2022-03-20'),
(1387, '::1', '2022-03-20'),
(1388, '::1', '2022-03-20'),
(1389, '::1', '2022-03-20'),
(1390, '::1', '2022-03-20'),
(1391, '::1', '2022-03-20'),
(1392, '::1', '2022-03-20'),
(1393, '::1', '2022-03-20'),
(1394, '::1', '2022-03-20'),
(1395, '::1', '2022-03-20'),
(1396, '::1', '2022-03-20'),
(1397, '::1', '2022-03-20'),
(1398, '::1', '2022-03-20'),
(1399, '::1', '2022-03-20'),
(1400, '::1', '2022-03-20'),
(1401, '::1', '2022-03-20'),
(1402, '::1', '2022-03-20'),
(1403, '::1', '2022-03-20'),
(1404, '::1', '2022-03-20'),
(1405, '::1', '2022-03-20'),
(1406, '::1', '2022-03-20'),
(1407, '::1', '2022-03-20'),
(1408, '::1', '2022-03-20'),
(1409, '::1', '2022-03-20'),
(1410, '::1', '2022-03-20'),
(1411, '::1', '2022-03-20'),
(1412, '::1', '2022-03-20'),
(1413, '::1', '2022-03-20'),
(1414, '::1', '2022-03-20'),
(1415, '::1', '2022-03-20'),
(1416, '::1', '2022-03-20'),
(1417, '::1', '2022-03-20'),
(1418, '::1', '2022-03-20'),
(1419, '::1', '2022-03-20'),
(1420, '::1', '2022-03-20'),
(1421, '::1', '2022-03-20'),
(1422, '::1', '2022-03-20'),
(1423, '::1', '2022-03-20'),
(1424, '::1', '2022-03-20'),
(1425, '::1', '2022-03-20'),
(1426, '::1', '2022-03-20'),
(1427, '::1', '2022-03-20'),
(1428, '::1', '2022-03-20'),
(1429, '::1', '2022-03-20'),
(1430, '::1', '2022-03-20'),
(1431, '::1', '2022-03-20'),
(1432, '::1', '2022-03-20'),
(1433, '::1', '2022-03-20'),
(1434, '::1', '2022-03-20'),
(1435, '::1', '2022-03-20'),
(1436, '::1', '2022-03-20'),
(1437, '::1', '2022-03-20'),
(1438, '::1', '2022-03-20'),
(1439, '::1', '2022-03-20'),
(1440, '::1', '2022-03-20'),
(1441, '::1', '2022-03-20'),
(1442, '::1', '2022-03-20'),
(1443, '::1', '2022-03-20'),
(1444, '::1', '2022-03-20'),
(1445, '::1', '2022-03-20'),
(1446, '::1', '2022-03-20'),
(1447, '::1', '2022-03-20'),
(1448, '::1', '2022-03-20'),
(1449, '::1', '2022-03-20'),
(1450, '::1', '2022-03-20'),
(1451, '::1', '2022-03-20'),
(1452, '::1', '2022-03-20'),
(1453, '::1', '2022-03-20'),
(1454, '::1', '2022-03-20'),
(1455, '::1', '2022-03-20'),
(1456, '::1', '2022-03-20'),
(1457, '::1', '2022-03-20'),
(1458, '::1', '2022-03-20'),
(1459, '::1', '2022-03-20'),
(1460, '::1', '2022-03-20'),
(1461, '::1', '2022-03-20'),
(1462, '::1', '2022-03-20'),
(1463, '::1', '2022-03-20'),
(1464, '::1', '2022-03-20'),
(1465, '::1', '2022-03-20'),
(1466, '::1', '2022-03-20'),
(1467, '::1', '2022-03-20'),
(1468, '::1', '2022-03-20'),
(1469, '::1', '2022-03-20'),
(1470, '::1', '2022-03-20'),
(1471, '::1', '2022-03-20'),
(1472, '::1', '2022-03-20'),
(1473, '::1', '2022-03-20'),
(1474, '::1', '2022-03-20'),
(1475, '::1', '2022-03-20'),
(1476, '::1', '2022-03-20'),
(1477, '::1', '2022-03-20'),
(1478, '::1', '2022-03-20'),
(1479, '::1', '2022-03-20'),
(1480, '::1', '2022-03-20'),
(1481, '::1', '2022-03-20'),
(1482, '::1', '2022-03-20'),
(1483, '::1', '2022-03-20'),
(1484, '::1', '2022-03-20'),
(1485, '::1', '2022-03-20'),
(1486, '::1', '2022-03-20'),
(1487, '::1', '2022-03-20'),
(1488, '::1', '2022-03-20'),
(1489, '::1', '2022-03-20'),
(1490, '::1', '2022-03-20'),
(1491, '::1', '2022-03-20'),
(1492, '::1', '2022-03-20'),
(1493, '::1', '2022-03-20'),
(1494, '::1', '2022-03-20'),
(1495, '::1', '2022-03-20'),
(1496, '::1', '2022-03-20'),
(1497, '::1', '2022-03-20'),
(1498, '::1', '2022-03-20'),
(1499, '::1', '2022-03-20'),
(1500, '::1', '2022-03-20'),
(1501, '::1', '2022-03-20'),
(1502, '::1', '2022-03-20'),
(1503, '::1', '2022-03-20'),
(1504, '::1', '2022-03-20'),
(1505, '::1', '2022-03-20'),
(1506, '::1', '2022-03-20'),
(1507, '::1', '2022-03-20'),
(1508, '::1', '2022-03-20'),
(1509, '::1', '2022-03-20'),
(1510, '::1', '2022-03-20'),
(1511, '::1', '2022-03-20'),
(1512, '::1', '2022-03-20'),
(1513, '::1', '2022-03-20'),
(1514, '::1', '2022-03-20'),
(1515, '::1', '2022-03-20'),
(1516, '::1', '2022-03-20'),
(1517, '::1', '2022-03-20'),
(1518, '::1', '2022-03-20'),
(1519, '::1', '2022-03-20'),
(1520, '::1', '2022-03-20'),
(1521, '::1', '2022-03-20'),
(1522, '::1', '2022-03-20'),
(1523, '::1', '2022-03-20'),
(1524, '::1', '2022-03-20'),
(1525, '::1', '2022-03-20'),
(1526, '::1', '2022-03-20'),
(1527, '::1', '2022-03-20'),
(1528, '::1', '2022-03-20'),
(1529, '::1', '2022-03-20'),
(1530, '::1', '2022-03-20'),
(1531, '::1', '2022-03-20'),
(1532, '::1', '2022-03-20'),
(1533, '::1', '2022-03-20'),
(1534, '::1', '2022-03-20'),
(1535, '::1', '2022-03-20'),
(1536, '::1', '2022-03-20'),
(1537, '::1', '2022-03-20'),
(1538, '::1', '2022-03-20'),
(1539, '::1', '2022-03-20'),
(1540, '::1', '2022-03-20'),
(1541, '::1', '2022-03-20'),
(1542, '::1', '2022-03-20'),
(1543, '::1', '2022-03-20'),
(1544, '::1', '2022-03-20'),
(1545, '::1', '2022-03-20'),
(1546, '::1', '2022-03-20'),
(1547, '::1', '2022-03-20'),
(1548, '::1', '2022-03-20'),
(1549, '::1', '2022-03-20'),
(1550, '::1', '2022-03-20'),
(1551, '::1', '2022-03-20'),
(1552, '::1', '2022-03-20'),
(1553, '::1', '2022-03-20'),
(1554, '::1', '2022-03-20'),
(1555, '::1', '2022-03-20'),
(1556, '::1', '2022-03-20'),
(1557, '::1', '2022-03-20'),
(1558, '::1', '2022-03-20'),
(1559, '::1', '2022-03-20'),
(1560, '::1', '2022-03-20'),
(1561, '::1', '2022-03-20'),
(1562, '::1', '2022-03-20'),
(1563, '::1', '2022-03-20'),
(1564, '::1', '2022-03-20'),
(1565, '::1', '2022-03-20'),
(1566, '::1', '2022-03-20'),
(1567, '::1', '2022-03-20'),
(1568, '::1', '2022-03-20'),
(1569, '::1', '2022-03-20'),
(1570, '::1', '2022-03-20'),
(1571, '::1', '2022-03-20'),
(1572, '::1', '2022-03-20'),
(1573, '::1', '2022-03-20'),
(1574, '::1', '2022-03-20'),
(1575, '::1', '2022-03-20'),
(1576, '::1', '2022-03-20'),
(1577, '::1', '2022-03-20'),
(1578, '::1', '2022-03-20'),
(1579, '::1', '2022-03-20'),
(1580, '::1', '2022-03-20'),
(1581, '::1', '2022-03-20'),
(1582, '::1', '2022-03-20'),
(1583, '::1', '2022-03-20'),
(1584, '::1', '2022-03-20'),
(1585, '::1', '2022-03-20'),
(1586, '::1', '2022-03-20'),
(1587, '::1', '2022-03-20'),
(1588, '::1', '2022-03-20'),
(1589, '::1', '2022-03-20'),
(1590, '::1', '2022-03-20'),
(1591, '::1', '2022-03-20'),
(1592, '::1', '2022-03-20'),
(1593, '::1', '2022-03-20'),
(1594, '::1', '2022-03-20'),
(1595, '::1', '2022-03-20'),
(1596, '::1', '2022-03-20'),
(1597, '::1', '2022-03-20'),
(1598, '::1', '2022-03-20'),
(1599, '::1', '2022-03-20'),
(1600, '::1', '2022-03-20'),
(1601, '::1', '2022-03-20'),
(1602, '::1', '2022-03-20'),
(1603, '::1', '2022-03-20'),
(1604, '::1', '2022-03-20'),
(1605, '::1', '2022-03-20'),
(1606, '::1', '2022-03-20'),
(1607, '::1', '2022-03-20'),
(1608, '::1', '2022-03-20'),
(1609, '::1', '2022-03-20'),
(1610, '::1', '2022-03-20'),
(1611, '::1', '2022-03-20'),
(1612, '::1', '2022-03-20'),
(1613, '::1', '2022-03-20'),
(1614, '::1', '2022-03-20'),
(1615, '::1', '2022-03-20'),
(1616, '::1', '2022-03-20'),
(1617, '::1', '2022-03-20'),
(1618, '::1', '2022-03-20'),
(1619, '::1', '2022-03-20'),
(1620, '::1', '2022-03-20'),
(1621, '::1', '2022-03-20'),
(1622, '::1', '2022-03-20'),
(1623, '::1', '2022-03-20'),
(1624, '::1', '2022-03-20'),
(1625, '::1', '2022-03-20'),
(1626, '::1', '2022-03-20'),
(1627, '::1', '2022-03-20'),
(1628, '::1', '2022-03-20'),
(1629, '::1', '2022-03-20'),
(1630, '::1', '2022-03-20'),
(1631, '::1', '2022-03-20'),
(1632, '::1', '2022-03-20'),
(1633, '::1', '2022-03-20'),
(1634, '::1', '2022-03-20'),
(1635, '::1', '2022-03-20'),
(1636, '::1', '2022-03-20'),
(1637, '::1', '2022-03-20'),
(1638, '::1', '2022-03-20'),
(1639, '::1', '2022-03-20'),
(1640, '::1', '2022-03-20'),
(1641, '::1', '2022-03-20'),
(1642, '::1', '2022-03-20'),
(1643, '::1', '2022-03-20'),
(1644, '::1', '2022-03-20'),
(1645, '::1', '2022-03-20'),
(1646, '::1', '2022-03-20'),
(1647, '::1', '2022-03-20'),
(1648, '::1', '2022-03-20'),
(1649, '::1', '2022-03-20'),
(1650, '::1', '2022-03-20'),
(1651, '::1', '2022-03-20'),
(1652, '::1', '2022-03-20'),
(1653, '::1', '2022-03-20'),
(1654, '::1', '2022-03-20'),
(1655, '::1', '2022-03-20'),
(1656, '::1', '2022-03-20'),
(1657, '::1', '2022-03-20'),
(1658, '::1', '2022-03-20'),
(1659, '::1', '2022-03-20'),
(1660, '::1', '2022-03-20'),
(1661, '::1', '2022-03-20'),
(1662, '::1', '2022-03-20'),
(1663, '::1', '2022-03-20'),
(1664, '::1', '2022-03-20'),
(1665, '::1', '2022-03-20'),
(1666, '::1', '2022-03-20'),
(1667, '::1', '2022-03-20'),
(1668, '::1', '2022-03-20'),
(1669, '::1', '2022-03-20'),
(1670, '::1', '2022-03-20'),
(1671, '::1', '2022-03-20'),
(1672, '::1', '2022-03-20'),
(1673, '::1', '2022-03-20'),
(1674, '::1', '2022-03-20'),
(1675, '::1', '2022-03-20'),
(1676, '::1', '2022-03-20'),
(1677, '::1', '2022-03-20'),
(1678, '::1', '2022-03-20'),
(1679, '::1', '2022-03-20'),
(1680, '::1', '2022-03-20'),
(1681, '::1', '2022-03-20'),
(1682, '::1', '2022-03-20'),
(1683, '::1', '2022-03-20'),
(1684, '::1', '2022-03-20'),
(1685, '::1', '2022-03-20'),
(1686, '::1', '2022-03-20'),
(1687, '::1', '2022-03-20'),
(1688, '::1', '2022-03-20'),
(1689, '::1', '2022-03-20'),
(1690, '::1', '2022-03-20'),
(1691, '::1', '2022-03-20'),
(1692, '::1', '2022-03-20'),
(1693, '::1', '2022-03-20'),
(1694, '::1', '2022-03-20'),
(1695, '::1', '2022-03-20'),
(1696, '::1', '2022-03-20'),
(1697, '::1', '2022-03-20'),
(1698, '::1', '2022-03-20'),
(1699, '::1', '2022-03-20'),
(1700, '::1', '2022-03-20'),
(1701, '::1', '2022-03-20'),
(1702, '::1', '2022-03-20'),
(1703, '::1', '2022-03-20'),
(1704, '::1', '2022-03-20'),
(1705, '::1', '2022-03-20'),
(1706, '::1', '2022-03-20'),
(1707, '::1', '2022-03-20'),
(1708, '::1', '2022-03-20'),
(1709, '::1', '2022-03-20'),
(1710, '::1', '2022-03-20'),
(1711, '::1', '2022-03-20'),
(1712, '::1', '2022-03-20'),
(1713, '::1', '2022-03-20'),
(1714, '::1', '2022-03-20'),
(1715, '::1', '2022-03-20'),
(1716, '::1', '2022-03-20'),
(1717, '::1', '2022-03-20'),
(1718, '::1', '2022-03-20'),
(1719, '::1', '2022-03-20'),
(1720, '::1', '2022-03-20'),
(1721, '::1', '2022-03-20'),
(1722, '::1', '2022-03-20'),
(1723, '::1', '2022-03-20'),
(1724, '::1', '2022-03-20'),
(1725, '::1', '2022-03-20'),
(1726, '::1', '2022-03-20'),
(1727, '::1', '2022-03-20'),
(1728, '::1', '2022-03-20'),
(1729, '::1', '2022-03-20'),
(1730, '::1', '2022-03-20'),
(1731, '::1', '2022-03-20'),
(1732, '::1', '2022-03-20'),
(1733, '::1', '2022-03-20'),
(1734, '::1', '2022-03-20'),
(1735, '::1', '2022-03-20'),
(1736, '::1', '2022-03-20'),
(1737, '::1', '2022-03-20'),
(1738, '::1', '2022-03-20'),
(1739, '::1', '2022-03-20'),
(1740, '::1', '2022-03-20'),
(1741, '::1', '2022-03-20'),
(1742, '::1', '2022-03-20'),
(1743, '::1', '2022-03-20'),
(1744, '::1', '2022-03-20'),
(1745, '::1', '2022-03-20'),
(1746, '::1', '2022-03-20'),
(1747, '::1', '2022-03-20'),
(1748, '::1', '2022-03-20'),
(1749, '::1', '2022-03-20'),
(1750, '::1', '2022-03-20'),
(1751, '::1', '2022-03-20'),
(1752, '::1', '2022-03-20'),
(1753, '::1', '2022-03-20'),
(1754, '::1', '2022-03-20'),
(1755, '::1', '2022-03-20'),
(1756, '::1', '2022-03-20'),
(1757, '::1', '2022-03-20'),
(1758, '::1', '2022-03-20'),
(1759, '::1', '2022-03-20'),
(1760, '::1', '2022-03-20'),
(1761, '::1', '2022-03-20'),
(1762, '::1', '2022-03-20'),
(1763, '::1', '2022-03-20'),
(1764, '::1', '2022-03-20'),
(1765, '::1', '2022-03-20'),
(1766, '::1', '2022-03-20'),
(1767, '::1', '2022-03-20'),
(1768, '::1', '2022-03-20'),
(1769, '::1', '2022-03-20'),
(1770, '::1', '2022-03-20'),
(1771, '::1', '2022-03-20'),
(1772, '::1', '2022-03-20'),
(1773, '::1', '2022-03-20'),
(1774, '::1', '2022-03-20'),
(1775, '::1', '2022-03-20'),
(1776, '::1', '2022-03-20'),
(1777, '::1', '2022-03-20'),
(1778, '::1', '2022-03-20'),
(1779, '::1', '2022-03-20'),
(1780, '::1', '2022-03-20'),
(1781, '::1', '2022-03-20'),
(1782, '::1', '2022-03-20'),
(1783, '::1', '2022-03-20'),
(1784, '::1', '2022-03-20'),
(1785, '::1', '2022-03-20'),
(1786, '::1', '2022-03-20'),
(1787, '::1', '2022-03-20'),
(1788, '::1', '2022-03-20'),
(1789, '::1', '2022-03-20'),
(1790, '::1', '2022-03-20'),
(1791, '::1', '2022-03-20'),
(1792, '::1', '2022-03-20'),
(1793, '::1', '2022-03-20'),
(1794, '::1', '2022-03-20'),
(1795, '::1', '2022-03-20'),
(1796, '::1', '2022-03-20'),
(1797, '::1', '2022-03-20'),
(1798, '::1', '2022-03-20'),
(1799, '::1', '2022-03-20'),
(1800, '::1', '2022-03-20'),
(1801, '::1', '2022-03-20'),
(1802, '::1', '2022-03-20'),
(1803, '::1', '2022-03-20'),
(1804, '::1', '2022-03-20'),
(1805, '::1', '2022-03-20'),
(1806, '::1', '2022-03-20'),
(1807, '::1', '2022-03-20'),
(1808, '::1', '2022-03-20'),
(1809, '::1', '2022-03-20'),
(1810, '::1', '2022-03-20'),
(1811, '::1', '2022-03-20'),
(1812, '::1', '2022-03-20'),
(1813, '::1', '2022-03-20'),
(1814, '::1', '2022-03-20'),
(1815, '::1', '2022-03-20'),
(1816, '::1', '2022-03-20'),
(1817, '::1', '2022-03-20'),
(1818, '::1', '2022-03-20'),
(1819, '::1', '2022-03-20'),
(1820, '::1', '2022-03-20'),
(1821, '::1', '2022-03-20'),
(1822, '::1', '2022-03-20'),
(1823, '::1', '2022-03-20'),
(1824, '::1', '2022-03-20'),
(1825, '::1', '2022-03-20'),
(1826, '::1', '2022-03-20'),
(1827, '::1', '2022-03-20'),
(1828, '::1', '2022-03-20'),
(1829, '::1', '2022-03-20'),
(1830, '::1', '2022-03-20'),
(1831, '::1', '2022-03-20'),
(1832, '::1', '2022-03-20'),
(1833, '::1', '2022-03-20'),
(1834, '::1', '2022-03-20'),
(1835, '::1', '2022-03-20'),
(1836, '::1', '2022-03-20'),
(1837, '::1', '2022-03-20'),
(1838, '::1', '2022-03-20'),
(1839, '::1', '2022-03-20'),
(1840, '::1', '2022-03-20'),
(1841, '::1', '2022-03-20'),
(1842, '::1', '2022-03-20'),
(1843, '::1', '2022-03-20'),
(1844, '::1', '2022-03-20'),
(1845, '::1', '2022-03-20'),
(1846, '::1', '2022-03-20'),
(1847, '::1', '2022-03-20'),
(1848, '::1', '2022-03-20'),
(1849, '::1', '2022-03-20'),
(1850, '::1', '2022-03-20'),
(1851, '::1', '2022-03-20'),
(1852, '::1', '2022-03-20'),
(1853, '::1', '2022-03-20'),
(1854, '::1', '2022-03-20'),
(1855, '::1', '2022-03-20'),
(1856, '::1', '2022-03-20'),
(1857, '::1', '2022-03-20'),
(1858, '::1', '2022-03-20'),
(1859, '::1', '2022-03-20'),
(1860, '::1', '2022-03-20'),
(1861, '::1', '2022-03-20'),
(1862, '::1', '2022-03-20'),
(1863, '::1', '2022-03-20'),
(1864, '::1', '2022-03-20'),
(1865, '::1', '2022-03-20'),
(1866, '::1', '2022-03-20'),
(1867, '::1', '2022-03-20'),
(1868, '::1', '2022-03-20'),
(1869, '::1', '2022-03-20'),
(1870, '::1', '2022-03-20'),
(1871, '::1', '2022-03-20'),
(1872, '::1', '2022-03-20'),
(1873, '::1', '2022-03-20'),
(1874, '::1', '2022-03-20'),
(1875, '::1', '2022-03-20'),
(1876, '::1', '2022-03-20'),
(1877, '::1', '2022-03-20'),
(1878, '::1', '2022-03-20'),
(1879, '::1', '2022-03-20'),
(1880, '::1', '2022-03-20'),
(1881, '::1', '2022-03-20'),
(1882, '::1', '2022-03-20'),
(1883, '::1', '2022-03-20'),
(1884, '::1', '2022-03-20'),
(1885, '::1', '2022-03-20'),
(1886, '::1', '2022-03-20'),
(1887, '::1', '2022-03-20'),
(1888, '::1', '2022-03-20'),
(1889, '::1', '2022-03-20'),
(1890, '::1', '2022-03-20');
INSERT INTO `visitors` (`visitorsID`, `visitorsIP`, `date_visited`) VALUES
(1891, '::1', '2022-03-20'),
(1892, '::1', '2022-03-20'),
(1893, '::1', '2022-03-20'),
(1894, '::1', '2022-03-20'),
(1895, '::1', '2022-03-20'),
(1896, '::1', '2022-03-20'),
(1897, '::1', '2022-03-20'),
(1898, '::1', '2022-03-20'),
(1899, '::1', '2022-03-20'),
(1900, '::1', '2022-03-20'),
(1901, '::1', '2022-03-20'),
(1902, '::1', '2022-03-20'),
(1903, '::1', '2022-03-20'),
(1904, '::1', '2022-03-20'),
(1905, '::1', '2022-03-20'),
(1906, '::1', '2022-03-20'),
(1907, '::1', '2022-03-20'),
(1908, '::1', '2022-03-20'),
(1909, '::1', '2022-03-20'),
(1910, '::1', '2022-03-20'),
(1911, '::1', '2022-03-20'),
(1912, '::1', '2022-03-20'),
(1913, '::1', '2022-03-20'),
(1914, '::1', '2022-03-20'),
(1915, '::1', '2022-03-20'),
(1916, '::1', '2022-03-20'),
(1917, '::1', '2022-03-20'),
(1918, '::1', '2022-03-20'),
(1919, '::1', '2022-03-20'),
(1920, '::1', '2022-03-20'),
(1921, '::1', '2022-03-20'),
(1922, '::1', '2022-03-20'),
(1923, '::1', '2022-03-20'),
(1924, '::1', '2022-03-20'),
(1925, '::1', '2022-03-20'),
(1926, '::1', '2022-03-20'),
(1927, '::1', '2022-03-20'),
(1928, '::1', '2022-03-20'),
(1929, '::1', '2022-03-20'),
(1930, '::1', '2022-03-20'),
(1931, '::1', '2022-03-20'),
(1932, '::1', '2022-03-20'),
(1933, '::1', '2022-03-20'),
(1934, '::1', '2022-03-20'),
(1935, '::1', '2022-03-20'),
(1936, '::1', '2022-03-20'),
(1937, '::1', '2022-03-20'),
(1938, '::1', '2022-03-20'),
(1939, '::1', '2022-03-20'),
(1940, '::1', '2022-03-20'),
(1941, '::1', '2022-03-20'),
(1942, '::1', '2022-03-20'),
(1943, '::1', '2022-03-20'),
(1944, '::1', '2022-03-20'),
(1945, '::1', '2022-03-20'),
(1946, '::1', '2022-03-20'),
(1947, '::1', '2022-03-20'),
(1948, '::1', '2022-03-20'),
(1949, '::1', '2022-03-20'),
(1950, '::1', '2022-03-20'),
(1951, '::1', '2022-03-20'),
(1952, '::1', '2022-03-20'),
(1953, '::1', '2022-03-20'),
(1954, '::1', '2022-03-20'),
(1955, '::1', '2022-03-20'),
(1956, '::1', '2022-03-20'),
(1957, '::1', '2022-03-20'),
(1958, '::1', '2022-03-20'),
(1959, '::1', '2022-03-20'),
(1960, '::1', '2022-03-20'),
(1961, '::1', '2022-03-20'),
(1962, '::1', '2022-03-20'),
(1963, '::1', '2022-03-20'),
(1964, '::1', '2022-03-20'),
(1965, '::1', '2022-03-20'),
(1966, '::1', '2022-03-20'),
(1967, '::1', '2022-03-20'),
(1968, '::1', '2022-03-20'),
(1969, '::1', '2022-03-20'),
(1970, '::1', '2022-03-20'),
(1971, '::1', '2022-03-20'),
(1972, '::1', '2022-03-20'),
(1973, '::1', '2022-03-20'),
(1974, '::1', '2022-03-20'),
(1975, '::1', '2022-03-20'),
(1976, '::1', '2022-03-20'),
(1977, '::1', '2022-03-20'),
(1978, '::1', '2022-03-20'),
(1979, '::1', '2022-03-20'),
(1980, '::1', '2022-03-20'),
(1981, '::1', '2022-03-20'),
(1982, '::1', '2022-03-20'),
(1983, '::1', '2022-03-20'),
(1984, '::1', '2022-03-20'),
(1985, '::1', '2022-03-20'),
(1986, '::1', '2022-03-20'),
(1987, '::1', '2022-03-20'),
(1988, '::1', '2022-03-20'),
(1989, '::1', '2022-03-20'),
(1990, '::1', '2022-03-20'),
(1991, '::1', '2022-03-20'),
(1992, '::1', '2022-03-20'),
(1993, '::1', '2022-03-20'),
(1994, '::1', '2022-03-20'),
(1995, '::1', '2022-03-20'),
(1996, '::1', '2022-03-20'),
(1997, '::1', '2022-03-20'),
(1998, '::1', '2022-03-20'),
(1999, '::1', '2022-03-20'),
(2000, '::1', '2022-03-20'),
(2001, '::1', '2022-03-21'),
(2002, '::1', '2022-03-21'),
(2003, '::1', '2022-03-21'),
(2004, '::1', '2022-03-21'),
(2005, '::1', '2022-03-21'),
(2006, '::1', '2022-03-21'),
(2007, '::1', '2022-03-21'),
(2008, '::1', '2022-03-21'),
(2009, '::1', '2022-03-21'),
(2010, '::1', '2022-03-21'),
(2011, '::1', '2022-03-21'),
(2012, '::1', '2022-03-21'),
(2013, '::1', '2022-03-21'),
(2014, '::1', '2022-03-21'),
(2015, '::1', '2022-03-21'),
(2016, '::1', '2022-03-21'),
(2017, '::1', '2022-03-21'),
(2018, '::1', '2022-03-21'),
(2019, '::1', '2022-03-21'),
(2020, '::1', '2022-03-21'),
(2021, '::1', '2022-03-21'),
(2022, '::1', '2022-03-21'),
(2023, '::1', '2022-03-21'),
(2024, '::1', '2022-03-21'),
(2025, '::1', '2022-03-21'),
(2026, '::1', '2022-03-21'),
(2027, '::1', '2022-03-21'),
(2028, '::1', '2022-03-21'),
(2029, '::1', '2022-03-21'),
(2030, '::1', '2022-03-21'),
(2031, '::1', '2022-03-21'),
(2032, '::1', '2022-03-21'),
(2033, '::1', '2022-03-21'),
(2034, '::1', '2022-03-21'),
(2035, '::1', '2022-03-21'),
(2036, '::1', '2022-03-21'),
(2037, '::1', '2022-03-21'),
(2038, '::1', '2022-03-21'),
(2039, '::1', '2022-03-21'),
(2040, '::1', '2022-03-21'),
(2041, '::1', '2022-03-21'),
(2042, '::1', '2022-03-21'),
(2043, '::1', '2022-03-21'),
(2044, '::1', '2022-03-21'),
(2045, '::1', '2022-03-21'),
(2046, '::1', '2022-03-21'),
(2047, '::1', '2022-03-21'),
(2048, '::1', '2022-03-21'),
(2049, '::1', '2022-03-21'),
(2050, '::1', '2022-03-21'),
(2051, '::1', '2022-03-21'),
(2052, '::1', '2022-03-21'),
(2053, '::1', '2022-03-21'),
(2054, '::1', '2022-03-21'),
(2055, '::1', '2022-03-21'),
(2056, '::1', '2022-03-21'),
(2057, '::1', '2022-03-21'),
(2058, '::1', '2022-03-21'),
(2059, '::1', '2022-03-21'),
(2060, '::1', '2022-03-21'),
(2061, '::1', '2022-03-21'),
(2062, '::1', '2022-03-21'),
(2063, '::1', '2022-03-21'),
(2064, '::1', '2022-03-21'),
(2065, '::1', '2022-03-21'),
(2066, '::1', '2022-03-21'),
(2067, '::1', '2022-03-21'),
(2068, '::1', '2022-03-21'),
(2069, '::1', '2022-03-21'),
(2070, '::1', '2022-03-21'),
(2071, '::1', '2022-03-21'),
(2072, '::1', '2022-03-21'),
(2073, '::1', '2022-03-21'),
(2074, '::1', '2022-03-21'),
(2075, '::1', '2022-03-21'),
(2076, '::1', '2022-03-21'),
(2077, '::1', '2022-03-21'),
(2078, '::1', '2022-03-21'),
(2079, '::1', '2022-03-21'),
(2080, '::1', '2022-03-21'),
(2081, '::1', '2022-03-21'),
(2082, '::1', '2022-03-21'),
(2083, '::1', '2022-03-21'),
(2084, '::1', '2022-03-21'),
(2085, '::1', '2022-03-21'),
(2086, '::1', '2022-03-21'),
(2087, '::1', '2022-03-21'),
(2088, '::1', '2022-03-21'),
(2089, '::1', '2022-03-21'),
(2090, '::1', '2022-03-21'),
(2091, '::1', '2022-03-21'),
(2092, '::1', '2022-03-21'),
(2093, '::1', '2022-03-21'),
(2094, '::1', '2022-03-21'),
(2095, '::1', '2022-03-21'),
(2096, '::1', '2022-03-21'),
(2097, '::1', '2022-03-21'),
(2098, '::1', '2022-03-21'),
(2099, '::1', '2022-03-21'),
(2100, '::1', '2022-03-21'),
(2101, '::1', '2022-03-21'),
(2102, '::1', '2022-03-21'),
(2103, '::1', '2022-03-21'),
(2104, '::1', '2022-03-21'),
(2105, '::1', '2022-03-21'),
(2106, '::1', '2022-03-21'),
(2107, '::1', '2022-03-21'),
(2108, '::1', '2022-03-21'),
(2109, '::1', '2022-03-21'),
(2110, '::1', '2022-03-21'),
(2111, '::1', '2022-03-21'),
(2112, '::1', '2022-03-21'),
(2113, '::1', '2022-03-21'),
(2114, '::1', '2022-03-21'),
(2115, '::1', '2022-03-21'),
(2116, '::1', '2022-03-21'),
(2117, '::1', '2022-03-21'),
(2118, '::1', '2022-03-21'),
(2119, '::1', '2022-03-21'),
(2120, '::1', '2022-03-21'),
(2121, '::1', '2022-03-21'),
(2122, '::1', '2022-03-21'),
(2123, '::1', '2022-03-21'),
(2124, '::1', '2022-03-21'),
(2125, '::1', '2022-03-21'),
(2126, '::1', '2022-03-21'),
(2127, '::1', '2022-03-21'),
(2128, '::1', '2022-03-21'),
(2129, '::1', '2022-03-21'),
(2130, '::1', '2022-03-21'),
(2131, '::1', '2022-03-21'),
(2132, '::1', '2022-03-21'),
(2133, '::1', '2022-03-21'),
(2134, '::1', '2022-03-21'),
(2135, '::1', '2022-03-21'),
(2136, '::1', '2022-03-21'),
(2137, '::1', '2022-03-21'),
(2138, '::1', '2022-03-21'),
(2139, '::1', '2022-03-21'),
(2140, '::1', '2022-03-21'),
(2141, '::1', '2022-03-21'),
(2142, '::1', '2022-03-21'),
(2143, '::1', '2022-03-21'),
(2144, '::1', '2022-03-21'),
(2145, '::1', '2022-03-21'),
(2146, '::1', '2022-03-21'),
(2147, '::1', '2022-03-21'),
(2148, '::1', '2022-03-21'),
(2149, '::1', '2022-03-21'),
(2150, '::1', '2022-03-21'),
(2151, '::1', '2022-03-21'),
(2152, '::1', '2022-03-21'),
(2153, '::1', '2022-03-21'),
(2154, '::1', '2022-03-21'),
(2155, '::1', '2022-03-21'),
(2156, '::1', '2022-03-21'),
(2157, '::1', '2022-03-21'),
(2158, '::1', '2022-03-21'),
(2159, '::1', '2022-03-21'),
(2160, '::1', '2022-03-21'),
(2161, '::1', '2022-03-22'),
(2162, '::1', '2022-03-22'),
(2163, '::1', '2022-03-22'),
(2164, '::1', '2022-03-22'),
(2165, '::1', '2022-03-22'),
(2166, '::1', '2022-03-22'),
(2167, '::1', '2022-03-22'),
(2168, '::1', '2022-03-22'),
(2169, '::1', '2022-03-22'),
(2170, '::1', '2022-03-22'),
(2171, '::1', '2022-03-22'),
(2172, '::1', '2022-03-22'),
(2173, '::1', '2022-03-22'),
(2174, '::1', '2022-03-22'),
(2175, '::1', '2022-03-22'),
(2176, '::1', '2022-03-22'),
(2177, '::1', '2022-03-22'),
(2178, '::1', '2022-03-22'),
(2179, '::1', '2022-03-22'),
(2180, '::1', '2022-03-22'),
(2181, '::1', '2022-03-22'),
(2182, '::1', '2022-03-22'),
(2183, '::1', '2022-03-22'),
(2184, '::1', '2022-03-22'),
(2185, '::1', '2022-03-22'),
(2186, '::1', '2022-03-22'),
(2187, '::1', '2022-03-22'),
(2188, '::1', '2022-03-22'),
(2189, '::1', '2022-03-22'),
(2190, '::1', '2022-03-22'),
(2191, '::1', '2022-03-22'),
(2192, '::1', '2022-03-22'),
(2193, '::1', '2022-03-22'),
(2194, '::1', '2022-03-22'),
(2195, '::1', '2022-03-22'),
(2196, '::1', '2022-03-22'),
(2197, '::1', '2022-03-22'),
(2198, '::1', '2022-03-22'),
(2199, '::1', '2022-03-22'),
(2200, '::1', '2022-03-22'),
(2201, '::1', '2022-03-22'),
(2202, '::1', '2022-03-22'),
(2203, '::1', '2022-03-22'),
(2204, '::1', '2022-03-22'),
(2205, '::1', '2022-03-22'),
(2206, '::1', '2022-03-22'),
(2207, '::1', '2022-03-22'),
(2208, '::1', '2022-03-22'),
(2209, '::1', '2022-03-22'),
(2210, '::1', '2022-03-22'),
(2211, '::1', '2022-03-22'),
(2212, '::1', '2022-03-22'),
(2213, '::1', '2022-03-22'),
(2214, '::1', '2022-03-22'),
(2215, '::1', '2022-03-22'),
(2216, '::1', '2022-03-22'),
(2217, '::1', '2022-03-22'),
(2218, '::1', '2022-03-22'),
(2219, '::1', '2022-03-22'),
(2220, '::1', '2022-03-22'),
(2221, '::1', '2022-03-22'),
(2222, '::1', '2022-03-22'),
(2223, '::1', '2022-03-22'),
(2224, '::1', '2022-03-22'),
(2225, '::1', '2022-03-22'),
(2226, '::1', '2022-03-22'),
(2227, '::1', '2022-03-22'),
(2228, '::1', '2022-03-22'),
(2229, '::1', '2022-03-22'),
(2230, '::1', '2022-03-22'),
(2231, '::1', '2022-03-22'),
(2232, '::1', '2022-03-22'),
(2233, '::1', '2022-03-22'),
(2234, '::1', '2022-03-22'),
(2235, '::1', '2022-03-22'),
(2236, '::1', '2022-03-22'),
(2237, '::1', '2022-03-22'),
(2238, '::1', '2022-03-22'),
(2239, '::1', '2022-03-22'),
(2240, '::1', '2022-03-22'),
(2241, '::1', '2022-03-22'),
(2242, '::1', '2022-03-22'),
(2243, '::1', '2022-03-22'),
(2244, '::1', '2022-03-22'),
(2245, '::1', '2022-03-22'),
(2246, '::1', '2022-03-22'),
(2247, '::1', '2022-03-22'),
(2248, '::1', '2022-03-22'),
(2249, '::1', '2022-03-22'),
(2250, '::1', '2022-03-22'),
(2251, '::1', '2022-03-22'),
(2252, '::1', '2022-03-22'),
(2253, '::1', '2022-03-22'),
(2254, '::1', '2022-03-22'),
(2255, '::1', '2022-03-22'),
(2256, '::1', '2022-03-22'),
(2257, '::1', '2022-03-22'),
(2258, '::1', '2022-03-22'),
(2259, '::1', '2022-03-22'),
(2260, '::1', '2022-03-22'),
(2261, '::1', '2022-03-22'),
(2262, '::1', '2022-03-22'),
(2263, '::1', '2022-03-22'),
(2264, '::1', '2022-03-22'),
(2265, '::1', '2022-03-22'),
(2266, '::1', '2022-03-22'),
(2267, '::1', '2022-03-22'),
(2268, '::1', '2022-03-22'),
(2269, '::1', '2022-03-22'),
(2270, '::1', '2022-03-22'),
(2271, '::1', '2022-03-22'),
(2272, '::1', '2022-03-22'),
(2273, '::1', '2022-03-22'),
(2274, '::1', '2022-03-22'),
(2275, '::1', '2022-03-22'),
(2276, '::1', '2022-03-22'),
(2277, '::1', '2022-03-22'),
(2278, '::1', '2022-03-22'),
(2279, '::1', '2022-03-22'),
(2280, '::1', '2022-03-22'),
(2281, '::1', '2022-03-22'),
(2282, '::1', '2022-03-22'),
(2283, '::1', '2022-03-22'),
(2284, '::1', '2022-03-22'),
(2285, '::1', '2022-03-22'),
(2286, '::1', '2022-03-22'),
(2287, '::1', '2022-03-22'),
(2288, '::1', '2022-03-22'),
(2289, '::1', '2022-03-22'),
(2290, '::1', '2022-03-22'),
(2291, '::1', '2022-03-22'),
(2292, '::1', '2022-03-22'),
(2293, '::1', '2022-03-22'),
(2294, '::1', '2022-03-22'),
(2295, '::1', '2022-03-22'),
(2296, '::1', '2022-03-22'),
(2297, '::1', '2022-03-22'),
(2298, '::1', '2022-03-22'),
(2299, '::1', '2022-03-22'),
(2300, '::1', '2022-03-22'),
(2301, '::1', '2022-03-22'),
(2302, '::1', '2022-03-22'),
(2303, '::1', '2022-03-22'),
(2304, '::1', '2022-03-22'),
(2305, '::1', '2022-03-22'),
(2306, '::1', '2022-03-22'),
(2307, '::1', '2022-03-22'),
(2308, '::1', '2022-03-22'),
(2309, '::1', '2022-03-22'),
(2310, '::1', '2022-03-22'),
(2311, '::1', '2022-03-22'),
(2312, '::1', '2022-03-22'),
(2313, '::1', '2022-03-22'),
(2314, '::1', '2022-03-22'),
(2315, '::1', '2022-03-22'),
(2316, '::1', '2022-03-22'),
(2317, '::1', '2022-03-22'),
(2318, '::1', '2022-03-22'),
(2319, '::1', '2022-03-22'),
(2320, '::1', '2022-03-22'),
(2321, '::1', '2022-03-22'),
(2322, '::1', '2022-03-22'),
(2323, '::1', '2022-03-22'),
(2324, '::1', '2022-03-22'),
(2325, '::1', '2022-03-22'),
(2326, '::1', '2022-03-22'),
(2327, '::1', '2022-03-22'),
(2328, '::1', '2022-03-22'),
(2329, '::1', '2022-03-22'),
(2330, '::1', '2022-03-22'),
(2331, '::1', '2022-03-22'),
(2332, '::1', '2022-03-22'),
(2333, '::1', '2022-03-22'),
(2334, '::1', '2022-03-22'),
(2335, '::1', '2022-03-22'),
(2336, '::1', '2022-03-22'),
(2337, '::1', '2022-03-22'),
(2338, '::1', '2022-03-22'),
(2339, '::1', '2022-03-22'),
(2340, '::1', '2022-03-22'),
(2341, '::1', '2022-03-22'),
(2342, '::1', '2022-03-22'),
(2343, '::1', '2022-03-22'),
(2344, '::1', '2022-03-22'),
(2345, '::1', '2022-03-22'),
(2346, '::1', '2022-03-22'),
(2347, '::1', '2022-03-22'),
(2348, '::1', '2022-03-22'),
(2349, '::1', '2022-03-22'),
(2350, '::1', '2022-03-22'),
(2351, '::1', '2022-03-22'),
(2352, '::1', '2022-03-22'),
(2353, '::1', '2022-03-22'),
(2354, '::1', '2022-03-22'),
(2355, '::1', '2022-03-22'),
(2356, '::1', '2022-03-22'),
(2357, '::1', '2022-03-22'),
(2358, '::1', '2022-03-22'),
(2359, '::1', '2022-03-22'),
(2360, '::1', '2022-03-22'),
(2361, '::1', '2022-03-22'),
(2362, '::1', '2022-03-22'),
(2363, '::1', '2022-03-22'),
(2364, '::1', '2022-03-22'),
(2365, '::1', '2022-03-22'),
(2366, '::1', '2022-03-22'),
(2367, '::1', '2022-03-22'),
(2368, '::1', '2022-03-22'),
(2369, '::1', '2022-03-22'),
(2370, '::1', '2022-03-22'),
(2371, '::1', '2022-03-22'),
(2372, '::1', '2022-03-22'),
(2373, '::1', '2022-03-22'),
(2374, '::1', '2022-03-22'),
(2375, '::1', '2022-03-22'),
(2376, '::1', '2022-03-22'),
(2377, '::1', '2022-03-22'),
(2378, '::1', '2022-03-22'),
(2379, '::1', '2022-03-23'),
(2380, '::1', '2022-03-23'),
(2381, '::1', '2022-03-23'),
(2382, '::1', '2022-03-23'),
(2383, '::1', '2022-03-23'),
(2384, '::1', '2022-03-23'),
(2385, '::1', '2022-03-23'),
(2386, '::1', '2022-03-23'),
(2387, '::1', '2022-03-23'),
(2388, '::1', '2022-03-23'),
(2389, '::1', '2022-03-23'),
(2390, '::1', '2022-03-23'),
(2391, '::1', '2022-03-23'),
(2392, '::1', '2022-03-23'),
(2393, '::1', '2022-03-23'),
(2394, '::1', '2022-03-23'),
(2395, '::1', '2022-03-23'),
(2396, '::1', '2022-03-23'),
(2397, '::1', '2022-03-23'),
(2398, '::1', '2022-03-23'),
(2399, '::1', '2022-03-23'),
(2400, '::1', '2022-03-23'),
(2401, '::1', '2022-03-23'),
(2402, '::1', '2022-03-23'),
(2403, '::1', '2022-03-23'),
(2404, '::1', '2022-03-23'),
(2405, '::1', '2022-03-23'),
(2406, '::1', '2022-03-23'),
(2407, '::1', '2022-03-23'),
(2408, '::1', '2022-03-23'),
(2409, '::1', '2022-03-23'),
(2410, '::1', '2022-03-23'),
(2411, '::1', '2022-03-23'),
(2412, '::1', '2022-03-23'),
(2413, '::1', '2022-03-23'),
(2414, '::1', '2022-03-23'),
(2415, '::1', '2022-03-23'),
(2416, '::1', '2022-03-23'),
(2417, '::1', '2022-03-23'),
(2418, '::1', '2022-03-23'),
(2419, '::1', '2022-03-23'),
(2420, '::1', '2022-03-23'),
(2421, '::1', '2022-03-23'),
(2422, '::1', '2022-03-23'),
(2423, '::1', '2022-03-23'),
(2424, '::1', '2022-03-23'),
(2425, '::1', '2022-03-23'),
(2426, '::1', '2022-03-23'),
(2427, '::1', '2022-03-23'),
(2428, '::1', '2022-03-23'),
(2429, '::1', '2022-03-23'),
(2430, '::1', '2022-03-23'),
(2431, '::1', '2022-03-23'),
(2432, '::1', '2022-03-23'),
(2433, '::1', '2022-03-23'),
(2434, '::1', '2022-03-23'),
(2435, '::1', '2022-03-23'),
(2436, '::1', '2022-03-23'),
(2437, '::1', '2022-03-23'),
(2438, '::1', '2022-03-23'),
(2439, '::1', '2022-03-23'),
(2440, '::1', '2022-03-23'),
(2441, '::1', '2022-03-23'),
(2442, '::1', '2022-03-23'),
(2443, '::1', '2022-03-23'),
(2444, '::1', '2022-03-23'),
(2445, '::1', '2022-03-23'),
(2446, '::1', '2022-03-23'),
(2447, '::1', '2022-03-23'),
(2448, '::1', '2022-03-23'),
(2449, '::1', '2022-03-23'),
(2450, '::1', '2022-03-23'),
(2451, '::1', '2022-03-23'),
(2452, '::1', '2022-03-23'),
(2453, '::1', '2022-03-23'),
(2454, '::1', '2022-03-23'),
(2455, '::1', '2022-03-23'),
(2456, '::1', '2022-03-23'),
(2457, '::1', '2022-03-23'),
(2458, '::1', '2022-03-23'),
(2459, '::1', '2022-03-23'),
(2460, '::1', '2022-03-23'),
(2461, '::1', '2022-03-23'),
(2462, '::1', '2022-03-23'),
(2463, '::1', '2022-03-23'),
(2464, '::1', '2022-03-23'),
(2465, '::1', '2022-03-23'),
(2466, '::1', '2022-03-23'),
(2467, '::1', '2022-03-23'),
(2468, '::1', '2022-03-23'),
(2469, '::1', '2022-03-23'),
(2470, '::1', '2022-03-23'),
(2471, '::1', '2022-03-23'),
(2472, '::1', '2022-03-23'),
(2473, '::1', '2022-03-23'),
(2474, '::1', '2022-03-23'),
(2475, '::1', '2022-03-23'),
(2476, '::1', '2022-03-23'),
(2477, '::1', '2022-03-23'),
(2478, '::1', '2022-03-23'),
(2479, '::1', '2022-03-23'),
(2480, '::1', '2022-03-23'),
(2481, '::1', '2022-03-23'),
(2482, '::1', '2022-03-23'),
(2483, '::1', '2022-03-23'),
(2484, '::1', '2022-03-23'),
(2485, '::1', '2022-03-23'),
(2486, '::1', '2022-03-23'),
(2487, '::1', '2022-03-23'),
(2488, '::1', '2022-03-23'),
(2489, '::1', '2022-03-23'),
(2490, '::1', '2022-03-23'),
(2491, '::1', '2022-03-23'),
(2492, '::1', '2022-03-23'),
(2493, '::1', '2022-03-23'),
(2494, '::1', '2022-03-23'),
(2495, '::1', '2022-03-23'),
(2496, '::1', '2022-03-23'),
(2497, '::1', '2022-03-23'),
(2498, '::1', '2022-03-23'),
(2499, '::1', '2022-03-23'),
(2500, '::1', '2022-03-23'),
(2501, '::1', '2022-03-23'),
(2502, '::1', '2022-03-23'),
(2503, '::1', '2022-03-23'),
(2504, '::1', '2022-03-23'),
(2505, '::1', '2022-03-23'),
(2506, '::1', '2022-03-23'),
(2507, '::1', '2022-03-23'),
(2508, '::1', '2022-03-23'),
(2509, '::1', '2022-03-23'),
(2510, '::1', '2022-03-23'),
(2511, '::1', '2022-03-23'),
(2512, '::1', '2022-03-23'),
(2513, '::1', '2022-03-23'),
(2514, '::1', '2022-03-23'),
(2515, '::1', '2022-03-23'),
(2516, '::1', '2022-03-23'),
(2517, '::1', '2022-03-23'),
(2518, '::1', '2022-03-23'),
(2519, '::1', '2022-03-23'),
(2520, '::1', '2022-03-23'),
(2521, '::1', '2022-03-23'),
(2522, '::1', '2022-03-23'),
(2523, '::1', '2022-03-23'),
(2524, '::1', '2022-03-23'),
(2525, '::1', '2022-03-23'),
(2526, '::1', '2022-03-23'),
(2527, '::1', '2022-03-23'),
(2528, '::1', '2022-03-23'),
(2529, '::1', '2022-03-23'),
(2530, '::1', '2022-03-23'),
(2531, '::1', '2022-03-23'),
(2532, '::1', '2022-03-23'),
(2533, '::1', '2022-03-23'),
(2534, '::1', '2022-03-23'),
(2535, '::1', '2022-03-23'),
(2536, '::1', '2022-03-23'),
(2537, '::1', '2022-03-23'),
(2538, '::1', '2022-03-23'),
(2539, '::1', '2022-03-23'),
(2540, '::1', '2022-03-23'),
(2541, '::1', '2022-03-23'),
(2542, '::1', '2022-03-23'),
(2543, '::1', '2022-03-23'),
(2544, '::1', '2022-03-23'),
(2545, '::1', '2022-03-23'),
(2546, '::1', '2022-03-23'),
(2547, '::1', '2022-03-23'),
(2548, '::1', '2022-03-23'),
(2549, '::1', '2022-03-23'),
(2550, '::1', '2022-03-23'),
(2551, '::1', '2022-03-23'),
(2552, '::1', '2022-03-23'),
(2553, '::1', '2022-03-23'),
(2554, '::1', '2022-03-23'),
(2555, '::1', '2022-03-23'),
(2556, '::1', '2022-03-23'),
(2557, '::1', '2022-03-23'),
(2558, '::1', '2022-03-23'),
(2559, '::1', '2022-03-23'),
(2560, '::1', '2022-03-23'),
(2561, '::1', '2022-03-23'),
(2562, '::1', '2022-03-23'),
(2563, '::1', '2022-03-23'),
(2564, '::1', '2022-03-23'),
(2565, '::1', '2022-03-23'),
(2566, '::1', '2022-03-23'),
(2567, '::1', '2022-03-23'),
(2568, '::1', '2022-03-23'),
(2569, '::1', '2022-03-23'),
(2570, '::1', '2022-03-23'),
(2571, '::1', '2022-03-23'),
(2572, '::1', '2022-03-23'),
(2573, '::1', '2022-03-23'),
(2574, '::1', '2022-03-23'),
(2575, '::1', '2022-03-23'),
(2576, '::1', '2022-03-23'),
(2577, '::1', '2022-03-23'),
(2578, '::1', '2022-03-23'),
(2579, '::1', '2022-03-23'),
(2580, '::1', '2022-03-23'),
(2581, '::1', '2022-03-23'),
(2582, '::1', '2022-03-23'),
(2583, '::1', '2022-03-23'),
(2584, '::1', '2022-03-23'),
(2585, '::1', '2022-03-23'),
(2586, '::1', '2022-03-23'),
(2587, '::1', '2022-03-23'),
(2588, '::1', '2022-03-23'),
(2589, '::1', '2022-03-23'),
(2590, '::1', '2022-03-23'),
(2591, '::1', '2022-03-23'),
(2592, '::1', '2022-03-23'),
(2593, '::1', '2022-03-23'),
(2594, '::1', '2022-03-23'),
(2595, '::1', '2022-03-23'),
(2596, '::1', '2022-03-23'),
(2597, '::1', '2022-03-23'),
(2598, '::1', '2022-03-23'),
(2599, '::1', '2022-03-23'),
(2600, '::1', '2022-03-23'),
(2601, '::1', '2022-03-23'),
(2602, '::1', '2022-03-23'),
(2603, '::1', '2022-03-23'),
(2604, '::1', '2022-03-23'),
(2605, '::1', '2022-03-23'),
(2606, '::1', '2022-03-23'),
(2607, '::1', '2022-03-23'),
(2608, '::1', '2022-03-23'),
(2609, '::1', '2022-03-23'),
(2610, '::1', '2022-03-23'),
(2611, '::1', '2022-03-23'),
(2612, '::1', '2022-03-23'),
(2613, '::1', '2022-03-23'),
(2614, '::1', '2022-03-23'),
(2615, '::1', '2022-03-23'),
(2616, '::1', '2022-03-23'),
(2617, '::1', '2022-03-23'),
(2618, '::1', '2022-03-23'),
(2619, '::1', '2022-03-23'),
(2620, '::1', '2022-03-23'),
(2621, '::1', '2022-03-23'),
(2622, '::1', '2022-03-23'),
(2623, '::1', '2022-03-23'),
(2624, '::1', '2022-03-23'),
(2625, '::1', '2022-03-23'),
(2626, '::1', '2022-03-23'),
(2627, '::1', '2022-03-23'),
(2628, '::1', '2022-03-23'),
(2629, '::1', '2022-03-23'),
(2630, '::1', '2022-03-23'),
(2631, '::1', '2022-03-23'),
(2632, '::1', '2022-03-23'),
(2633, '::1', '2022-03-23'),
(2634, '::1', '2022-03-23'),
(2635, '::1', '2022-03-23'),
(2636, '::1', '2022-03-23'),
(2637, '::1', '2022-03-23'),
(2638, '::1', '2022-03-23'),
(2639, '::1', '2022-03-23'),
(2640, '::1', '2022-03-23'),
(2641, '::1', '2022-03-23'),
(2642, '::1', '2022-03-23'),
(2643, '::1', '2022-03-23'),
(2644, '::1', '2022-03-23'),
(2645, '::1', '2022-03-23'),
(2646, '::1', '2022-03-23'),
(2647, '::1', '2022-03-23'),
(2648, '::1', '2022-03-23'),
(2649, '::1', '2022-03-23'),
(2650, '::1', '2022-03-23'),
(2651, '::1', '2022-03-23'),
(2652, '::1', '2022-03-23'),
(2653, '::1', '2022-03-23'),
(2654, '::1', '2022-03-23'),
(2655, '::1', '2022-03-23'),
(2656, '::1', '2022-03-23'),
(2657, '::1', '2022-03-23'),
(2658, '::1', '2022-03-23'),
(2659, '::1', '2022-03-23'),
(2660, '::1', '2022-03-23'),
(2661, '::1', '2022-03-23'),
(2662, '::1', '2022-03-23'),
(2663, '::1', '2022-03-23'),
(2664, '::1', '2022-03-23'),
(2665, '::1', '2022-03-23'),
(2666, '::1', '2022-03-23'),
(2667, '::1', '2022-03-23'),
(2668, '::1', '2022-03-23'),
(2669, '::1', '2022-03-23'),
(2670, '::1', '2022-03-23'),
(2671, '::1', '2022-03-23'),
(2672, '::1', '2022-03-23'),
(2673, '::1', '2022-03-23'),
(2674, '::1', '2022-03-23'),
(2675, '::1', '2022-03-23'),
(2676, '::1', '2022-03-23'),
(2677, '::1', '2022-03-23'),
(2678, '::1', '2022-03-23'),
(2679, '::1', '2022-03-23'),
(2680, '::1', '2022-03-23'),
(2681, '::1', '2022-03-23'),
(2682, '::1', '2022-03-23'),
(2683, '::1', '2022-03-23'),
(2684, '::1', '2022-03-23'),
(2685, '::1', '2022-03-23'),
(2686, '::1', '2022-03-23'),
(2687, '::1', '2022-03-23'),
(2688, '::1', '2022-03-23'),
(2689, '::1', '2022-03-23'),
(2690, '::1', '2022-03-23'),
(2691, '::1', '2022-03-23'),
(2692, '::1', '2022-03-23'),
(2693, '::1', '2022-03-23'),
(2694, '::1', '2022-03-23'),
(2695, '::1', '2022-03-23'),
(2696, '::1', '2022-03-23'),
(2697, '::1', '2022-03-23'),
(2698, '::1', '2022-03-23'),
(2699, '::1', '2022-03-23'),
(2700, '::1', '2022-03-23'),
(2701, '::1', '2022-03-23'),
(2702, '::1', '2022-03-23'),
(2703, '::1', '2022-03-23'),
(2704, '::1', '2022-03-23'),
(2705, '::1', '2022-03-23'),
(2706, '::1', '2022-03-23'),
(2707, '::1', '2022-03-23'),
(2708, '::1', '2022-03-23'),
(2709, '::1', '2022-03-23'),
(2710, '::1', '2022-03-23'),
(2711, '::1', '2022-03-23'),
(2712, '::1', '2022-03-23'),
(2713, '::1', '2022-03-23'),
(2714, '::1', '2022-03-23'),
(2715, '::1', '2022-03-23'),
(2716, '::1', '2022-03-23'),
(2717, '::1', '2022-03-23'),
(2718, '::1', '2022-03-23'),
(2719, '::1', '2022-03-23'),
(2720, '::1', '2022-03-23'),
(2721, '::1', '2022-03-23'),
(2722, '::1', '2022-03-23'),
(2723, '::1', '2022-03-23'),
(2724, '::1', '2022-03-23'),
(2725, '::1', '2022-03-23'),
(2726, '::1', '2022-03-23'),
(2727, '::1', '2022-03-23'),
(2728, '::1', '2022-03-23'),
(2729, '::1', '2022-03-23'),
(2730, '::1', '2022-03-23'),
(2731, '::1', '2022-03-23'),
(2732, '::1', '2022-03-23'),
(2733, '::1', '2022-03-23'),
(2734, '::1', '2022-03-23'),
(2735, '::1', '2022-03-23'),
(2736, '::1', '2022-03-23'),
(2737, '::1', '2022-03-23'),
(2738, '::1', '2022-03-23'),
(2739, '::1', '2022-03-23'),
(2740, '::1', '2022-03-23'),
(2741, '::1', '2022-03-23'),
(2742, '::1', '2022-03-23'),
(2743, '::1', '2022-03-23'),
(2744, '::1', '2022-03-23'),
(2745, '::1', '2022-03-23'),
(2746, '::1', '2022-03-23'),
(2747, '::1', '2022-03-23'),
(2748, '::1', '2022-03-23'),
(2749, '::1', '2022-03-23'),
(2750, '::1', '2022-03-23'),
(2751, '::1', '2022-03-23'),
(2752, '::1', '2022-03-23'),
(2753, '::1', '2022-03-23'),
(2754, '::1', '2022-03-23'),
(2755, '::1', '2022-03-23'),
(2756, '::1', '2022-03-23'),
(2757, '::1', '2022-03-23'),
(2758, '::1', '2022-03-23'),
(2759, '::1', '2022-03-23'),
(2760, '::1', '2022-03-23'),
(2761, '::1', '2022-03-23'),
(2762, '::1', '2022-03-23'),
(2763, '::1', '2022-03-23'),
(2764, '::1', '2022-03-23'),
(2765, '::1', '2022-03-23'),
(2766, '::1', '2022-03-23'),
(2767, '::1', '2022-03-23'),
(2768, '::1', '2022-03-23'),
(2769, '::1', '2022-03-23'),
(2770, '::1', '2022-03-23'),
(2771, '::1', '2022-03-23'),
(2772, '::1', '2022-03-23'),
(2773, '::1', '2022-03-23'),
(2774, '::1', '2022-03-23'),
(2775, '::1', '2022-03-23'),
(2776, '::1', '2022-03-23'),
(2777, '::1', '2022-03-23'),
(2778, '::1', '2022-03-23'),
(2779, '::1', '2022-03-23'),
(2780, '::1', '2022-03-23'),
(2781, '::1', '2022-03-23'),
(2782, '::1', '2022-03-23'),
(2783, '::1', '2022-03-23'),
(2784, '::1', '2022-03-23'),
(2785, '::1', '2022-03-23'),
(2786, '::1', '2022-03-23'),
(2787, '::1', '2022-03-23'),
(2788, '::1', '2022-03-23'),
(2789, '::1', '2022-03-23'),
(2790, '::1', '2022-03-23'),
(2791, '::1', '2022-03-23'),
(2792, '::1', '2022-03-23'),
(2793, '::1', '2022-03-23'),
(2794, '::1', '2022-03-23'),
(2795, '::1', '2022-03-23'),
(2796, '::1', '2022-03-23'),
(2797, '::1', '2022-03-23'),
(2798, '::1', '2022-03-23'),
(2799, '::1', '2022-03-23'),
(2800, '::1', '2022-03-23'),
(2801, '::1', '2022-03-23'),
(2802, '::1', '2022-03-23'),
(2803, '::1', '2022-03-23'),
(2804, '::1', '2022-03-23'),
(2805, '::1', '2022-03-23'),
(2806, '::1', '2022-03-23'),
(2807, '::1', '2022-03-23'),
(2808, '::1', '2022-03-23'),
(2809, '::1', '2022-03-23'),
(2810, '::1', '2022-03-23'),
(2811, '::1', '2022-03-23'),
(2812, '::1', '2022-03-23'),
(2813, '::1', '2022-03-23'),
(2814, '::1', '2022-03-23'),
(2815, '::1', '2022-03-23'),
(2816, '::1', '2022-03-23'),
(2817, '::1', '2022-03-23'),
(2818, '::1', '2022-03-23'),
(2819, '::1', '2022-03-23'),
(2820, '::1', '2022-03-23'),
(2821, '::1', '2022-03-23'),
(2822, '::1', '2022-03-23'),
(2823, '::1', '2022-03-23'),
(2824, '::1', '2022-03-23'),
(2825, '::1', '2022-03-23'),
(2826, '::1', '2022-03-23'),
(2827, '::1', '2022-03-23'),
(2828, '::1', '2022-03-23'),
(2829, '::1', '2022-03-23'),
(2830, '::1', '2022-03-23'),
(2831, '::1', '2022-03-23'),
(2832, '::1', '2022-03-23'),
(2833, '::1', '2022-03-23'),
(2834, '::1', '2022-03-23'),
(2835, '::1', '2022-03-23'),
(2836, '::1', '2022-03-23'),
(2837, '::1', '2022-03-23'),
(2838, '::1', '2022-03-23'),
(2839, '::1', '2022-03-23'),
(2840, '::1', '2022-03-23'),
(2841, '::1', '2022-03-23'),
(2842, '::1', '2022-03-23'),
(2843, '::1', '2022-03-23'),
(2844, '::1', '2022-03-23'),
(2845, '::1', '2022-03-23'),
(2846, '::1', '2022-03-23'),
(2847, '::1', '2022-03-23'),
(2848, '::1', '2022-03-23'),
(2849, '::1', '2022-03-23'),
(2850, '::1', '2022-03-23'),
(2851, '::1', '2022-03-23'),
(2852, '::1', '2022-03-23'),
(2853, '::1', '2022-03-23'),
(2854, '::1', '2022-03-23'),
(2855, '::1', '2022-03-23'),
(2856, '::1', '2022-03-23'),
(2857, '::1', '2022-03-23'),
(2858, '::1', '2022-03-24'),
(2859, '::1', '2022-03-24'),
(2860, '::1', '2022-03-24'),
(2861, '::1', '2022-03-24'),
(2862, '::1', '2022-03-24'),
(2863, '::1', '2022-03-24'),
(2864, '::1', '2022-03-24'),
(2865, '::1', '2022-03-24'),
(2866, '::1', '2022-03-24'),
(2867, '::1', '2022-03-24'),
(2868, '::1', '2022-03-24'),
(2869, '::1', '2022-03-24'),
(2870, '::1', '2022-03-24'),
(2871, '::1', '2022-03-24'),
(2872, '::1', '2022-03-24'),
(2873, '::1', '2022-03-24'),
(2874, '::1', '2022-03-24'),
(2875, '::1', '2022-03-24'),
(2876, '::1', '2022-03-24'),
(2877, '::1', '2022-03-24'),
(2878, '::1', '2022-03-24'),
(2879, '::1', '2022-03-24'),
(2880, '::1', '2022-03-24'),
(2881, '::1', '2022-03-24'),
(2882, '::1', '2022-03-24'),
(2883, '::1', '2022-03-24'),
(2884, '::1', '2022-03-24'),
(2885, '::1', '2022-03-24'),
(2886, '::1', '2022-03-24'),
(2887, '::1', '2022-03-24'),
(2888, '::1', '2022-03-24'),
(2889, '::1', '2022-03-24'),
(2890, '::1', '2022-03-24'),
(2891, '::1', '2022-03-24'),
(2892, '::1', '2022-03-24'),
(2893, '::1', '2022-03-24'),
(2894, '::1', '2022-03-24'),
(2895, '::1', '2022-03-24'),
(2896, '::1', '2022-03-24'),
(2897, '::1', '2022-03-24'),
(2898, '::1', '2022-03-24'),
(2899, '::1', '2022-03-24'),
(2900, '::1', '2022-03-24'),
(2901, '::1', '2022-03-24'),
(2902, '::1', '2022-03-24'),
(2903, '::1', '2022-03-24'),
(2904, '::1', '2022-03-24'),
(2905, '::1', '2022-03-24'),
(2906, '::1', '2022-03-24'),
(2907, '::1', '2022-03-24'),
(2908, '::1', '2022-03-24'),
(2909, '::1', '2022-03-24'),
(2910, '::1', '2022-03-24'),
(2911, '::1', '2022-03-24'),
(2912, '::1', '2022-03-24'),
(2913, '::1', '2022-03-24'),
(2914, '::1', '2022-03-24'),
(2915, '::1', '2022-03-24'),
(2916, '::1', '2022-03-24'),
(2917, '::1', '2022-03-24'),
(2918, '::1', '2022-03-24'),
(2919, '::1', '2022-03-24'),
(2920, '::1', '2022-03-24'),
(2921, '::1', '2022-03-24'),
(2922, '::1', '2022-03-24'),
(2923, '::1', '2022-03-24'),
(2924, '::1', '2022-03-24'),
(2925, '::1', '2022-03-24'),
(2926, '::1', '2022-03-24'),
(2927, '::1', '2022-03-24'),
(2928, '::1', '2022-03-24'),
(2929, '::1', '2022-03-24'),
(2930, '::1', '2022-03-24'),
(2931, '::1', '2022-03-24'),
(2932, '::1', '2022-03-24'),
(2933, '::1', '2022-03-24'),
(2934, '::1', '2022-03-24'),
(2935, '::1', '2022-03-24'),
(2936, '::1', '2022-03-24'),
(2937, '::1', '2022-03-24'),
(2938, '::1', '2022-03-24'),
(2939, '::1', '2022-03-24'),
(2940, '::1', '2022-03-24'),
(2941, '::1', '2022-03-24'),
(2942, '::1', '2022-03-24'),
(2943, '::1', '2022-03-24'),
(2944, '::1', '2022-03-24'),
(2945, '::1', '2022-03-24'),
(2946, '::1', '2022-03-24'),
(2947, '::1', '2022-03-24'),
(2948, '::1', '2022-03-24'),
(2949, '::1', '2022-03-24'),
(2950, '::1', '2022-03-24'),
(2951, '::1', '2022-03-24'),
(2952, '::1', '2022-03-24'),
(2953, '::1', '2022-03-24'),
(2954, '::1', '2022-03-24'),
(2955, '::1', '2022-03-24'),
(2956, '::1', '2022-03-24'),
(2957, '::1', '2022-03-24'),
(2958, '::1', '2022-03-24'),
(2959, '::1', '2022-03-24'),
(2960, '::1', '2022-03-24'),
(2961, '::1', '2022-03-25'),
(2962, '::1', '2022-03-25'),
(2963, '::1', '2022-03-25'),
(2964, '::1', '2022-03-25'),
(2965, '::1', '2022-03-25'),
(2966, '::1', '2022-03-25'),
(2967, '::1', '2022-03-25'),
(2968, '::1', '2022-03-25'),
(2969, '::1', '2022-03-25'),
(2970, '::1', '2022-03-25'),
(2971, '::1', '2022-03-25'),
(2972, '::1', '2022-03-25'),
(2973, '::1', '2022-03-25'),
(2974, '::1', '2022-03-25'),
(2975, '::1', '2022-03-25'),
(2976, '::1', '2022-03-25'),
(2977, '::1', '2022-03-25'),
(2978, '::1', '2022-03-25'),
(2979, '::1', '2022-03-25'),
(2980, '::1', '2022-03-25'),
(2981, '::1', '2022-03-25'),
(2982, '::1', '2022-03-25'),
(2983, '::1', '2022-03-25'),
(2984, '::1', '2022-03-25'),
(2985, '::1', '2022-03-25'),
(2986, '::1', '2022-03-25'),
(2987, '::1', '2022-03-25'),
(2988, '::1', '2022-03-25'),
(2989, '::1', '2022-03-25'),
(2990, '::1', '2022-03-25'),
(2991, '::1', '2022-03-25'),
(2992, '::1', '2022-03-25'),
(2993, '::1', '2022-03-25'),
(2994, '::1', '2022-03-25'),
(2995, '::1', '2022-03-25'),
(2996, '::1', '2022-03-25'),
(2997, '::1', '2022-03-25'),
(2998, '::1', '2022-03-25'),
(2999, '::1', '2022-03-25'),
(3000, '::1', '2022-03-25'),
(3001, '::1', '2022-03-25'),
(3002, '::1', '2022-03-25'),
(3003, '::1', '2022-03-25'),
(3004, '::1', '2022-03-25'),
(3005, '::1', '2022-03-25'),
(3006, '::1', '2022-03-25'),
(3007, '::1', '2022-03-25'),
(3008, '::1', '2022-03-25'),
(3009, '::1', '2022-03-25'),
(3010, '::1', '2022-03-25'),
(3011, '::1', '2022-03-25'),
(3012, '::1', '2022-03-25'),
(3013, '::1', '2022-03-25'),
(3014, '::1', '2022-03-25'),
(3015, '::1', '2022-03-25'),
(3016, '::1', '2022-03-25'),
(3017, '::1', '2022-03-25'),
(3018, '::1', '2022-03-25'),
(3019, '::1', '2022-03-25'),
(3020, '::1', '2022-03-25'),
(3021, '::1', '2022-03-25'),
(3022, '::1', '2022-03-25'),
(3023, '::1', '2022-03-25'),
(3024, '::1', '2022-03-25'),
(3025, '::1', '2022-03-25'),
(3026, '::1', '2022-03-25'),
(3027, '::1', '2022-03-25'),
(3028, '::1', '2022-03-25'),
(3029, '::1', '2022-03-25'),
(3030, '::1', '2022-03-25'),
(3031, '::1', '2022-03-25'),
(3032, '::1', '2022-03-25'),
(3033, '::1', '2022-03-25'),
(3034, '::1', '2022-03-25'),
(3035, '::1', '2022-03-25'),
(3036, '::1', '2022-03-25'),
(3037, '::1', '2022-03-25'),
(3038, '::1', '2022-03-25'),
(3039, '::1', '2022-03-25'),
(3040, '::1', '2022-03-25'),
(3041, '::1', '2022-03-25'),
(3042, '::1', '2022-03-25'),
(3043, '::1', '2022-03-25'),
(3044, '::1', '2022-03-25'),
(3045, '::1', '2022-03-25'),
(3046, '::1', '2022-03-25'),
(3047, '::1', '2022-03-25'),
(3048, '::1', '2022-03-25'),
(3049, '::1', '2022-03-25'),
(3050, '::1', '2022-03-25'),
(3051, '::1', '2022-03-25'),
(3052, '::1', '2022-03-25'),
(3053, '::1', '2022-03-25'),
(3054, '::1', '2022-03-25'),
(3055, '::1', '2022-03-25'),
(3056, '::1', '2022-03-25'),
(3057, '::1', '2022-03-25'),
(3058, '::1', '2022-03-25'),
(3059, '::1', '2022-03-25'),
(3060, '::1', '2022-03-25'),
(3061, '::1', '2022-03-25'),
(3062, '::1', '2022-03-25'),
(3063, '::1', '2022-03-25'),
(3064, '::1', '2022-03-25'),
(3065, '::1', '2022-03-25'),
(3066, '::1', '2022-03-25'),
(3067, '::1', '2022-03-25'),
(3068, '::1', '2022-03-25'),
(3069, '::1', '2022-03-25'),
(3070, '::1', '2022-03-25'),
(3071, '::1', '2022-03-25'),
(3072, '::1', '2022-03-25'),
(3073, '::1', '2022-03-25'),
(3074, '::1', '2022-03-26'),
(3075, '::1', '2022-03-27'),
(3076, '::1', '2022-03-27'),
(3077, '::1', '2022-03-27'),
(3078, '::1', '2022-03-27'),
(3079, '::1', '2022-03-27'),
(3080, '::1', '2022-03-27'),
(3081, '::1', '2022-03-27'),
(3082, '::1', '2022-03-27'),
(3083, '::1', '2022-03-27'),
(3084, '::1', '2022-03-27'),
(3085, '::1', '2022-03-27'),
(3086, '::1', '2022-03-27'),
(3087, '::1', '2022-03-27'),
(3088, '::1', '2022-03-27'),
(3089, '::1', '2022-03-27'),
(3090, '::1', '2022-03-27'),
(3091, '::1', '2022-03-27'),
(3092, '::1', '2022-03-27'),
(3093, '::1', '2022-03-27'),
(3094, '::1', '2022-03-27'),
(3095, '::1', '2022-03-27'),
(3096, '::1', '2022-03-27'),
(3097, '::1', '2022-03-27'),
(3098, '::1', '2022-03-27'),
(3099, '::1', '2022-03-27'),
(3100, '::1', '2022-03-27'),
(3101, '::1', '2022-03-27'),
(3102, '::1', '2022-03-27'),
(3103, '::1', '2022-03-27'),
(3104, '::1', '2022-03-27'),
(3105, '::1', '2022-03-27'),
(3106, '::1', '2022-03-27'),
(3107, '::1', '2022-03-27'),
(3108, '::1', '2022-03-27'),
(3109, '::1', '2022-03-27'),
(3110, '::1', '2022-03-27'),
(3111, '::1', '2022-03-27'),
(3112, '::1', '2022-03-27'),
(3113, '::1', '2022-03-27'),
(3114, '::1', '2022-03-27'),
(3115, '::1', '2022-03-27'),
(3116, '::1', '2022-03-27'),
(3117, '::1', '2022-03-27'),
(3118, '::1', '2022-03-27'),
(3119, '::1', '2022-03-27'),
(3120, '::1', '2022-03-27'),
(3121, '::1', '2022-03-27'),
(3122, '::1', '2022-03-27'),
(3123, '::1', '2022-03-27'),
(3124, '::1', '2022-03-27'),
(3125, '::1', '2022-03-27'),
(3126, '::1', '2022-03-27'),
(3127, '::1', '2022-03-27'),
(3128, '::1', '2022-03-27'),
(3129, '::1', '2022-03-27'),
(3130, '::1', '2022-03-27'),
(3131, '::1', '2022-03-27'),
(3132, '::1', '2022-03-27'),
(3133, '::1', '2022-03-27'),
(3134, '::1', '2022-03-27'),
(3135, '::1', '2022-03-27'),
(3136, '::1', '2022-03-27'),
(3137, '::1', '2022-03-27'),
(3138, '::1', '2022-03-27'),
(3139, '::1', '2022-03-27'),
(3140, '::1', '2022-03-27'),
(3141, '::1', '2022-03-27'),
(3142, '::1', '2022-03-27'),
(3143, '::1', '2022-03-27'),
(3144, '::1', '2022-03-27'),
(3145, '::1', '2022-03-27'),
(3146, '::1', '2022-03-27'),
(3147, '::1', '2022-03-27'),
(3148, '::1', '2022-03-27'),
(3149, '::1', '2022-03-27'),
(3150, '::1', '2022-03-27'),
(3151, '::1', '2022-03-27'),
(3152, '::1', '2022-03-27'),
(3153, '::1', '2022-03-27'),
(3154, '::1', '2022-03-27'),
(3155, '::1', '2022-03-27'),
(3156, '::1', '2022-03-27'),
(3157, '::1', '2022-03-27'),
(3158, '::1', '2022-03-27'),
(3159, '::1', '2022-03-27'),
(3160, '::1', '2022-03-27'),
(3161, '::1', '2022-03-27'),
(3162, '::1', '2022-03-27'),
(3163, '::1', '2022-03-27'),
(3164, '::1', '2022-03-27'),
(3165, '::1', '2022-03-27'),
(3166, '::1', '2022-03-27'),
(3167, '::1', '2022-03-27'),
(3168, '::1', '2022-03-27'),
(3169, '::1', '2022-03-27'),
(3170, '::1', '2022-03-27'),
(3171, '::1', '2022-03-27'),
(3172, '::1', '2022-03-27'),
(3173, '::1', '2022-03-27'),
(3174, '::1', '2022-03-27'),
(3175, '::1', '2022-03-27'),
(3176, '::1', '2022-03-27'),
(3177, '::1', '2022-03-27'),
(3178, '::1', '2022-03-27'),
(3179, '::1', '2022-03-27'),
(3180, '::1', '2022-03-27'),
(3181, '::1', '2022-03-27'),
(3182, '::1', '2022-03-27'),
(3183, '::1', '2022-03-27'),
(3184, '::1', '2022-03-27'),
(3185, '::1', '2022-03-27'),
(3186, '::1', '2022-03-27'),
(3187, '::1', '2022-03-27'),
(3188, '::1', '2022-03-27'),
(3189, '::1', '2022-03-27'),
(3190, '::1', '2022-03-27'),
(3191, '::1', '2022-03-27'),
(3192, '::1', '2022-03-27'),
(3193, '::1', '2022-03-27'),
(3194, '::1', '2022-03-27'),
(3195, '::1', '2022-03-27'),
(3196, '::1', '2022-03-27'),
(3197, '::1', '2022-03-27'),
(3198, '::1', '2022-03-27'),
(3199, '::1', '2022-03-27'),
(3200, '::1', '2022-03-27'),
(3201, '::1', '2022-03-27'),
(3202, '::1', '2022-03-27'),
(3203, '::1', '2022-03-27'),
(3204, '::1', '2022-03-27'),
(3205, '::1', '2022-03-27'),
(3206, '::1', '2022-03-27'),
(3207, '::1', '2022-03-27'),
(3208, '::1', '2022-03-27'),
(3209, '::1', '2022-03-27'),
(3210, '::1', '2022-03-27'),
(3211, '::1', '2022-03-27'),
(3212, '::1', '2022-03-27'),
(3213, '::1', '2022-03-27'),
(3214, '::1', '2022-03-27'),
(3215, '::1', '2022-03-27'),
(3216, '::1', '2022-03-27'),
(3217, '::1', '2022-03-27'),
(3218, '::1', '2022-03-27'),
(3219, '::1', '2022-03-27'),
(3220, '::1', '2022-03-27'),
(3221, '::1', '2022-03-27'),
(3222, '::1', '2022-03-27'),
(3223, '::1', '2022-03-27'),
(3224, '::1', '2022-03-27'),
(3225, '::1', '2022-03-27'),
(3226, '::1', '2022-03-27'),
(3227, '::1', '2022-03-27'),
(3228, '::1', '2022-03-27'),
(3229, '::1', '2022-03-27'),
(3230, '::1', '2022-03-27'),
(3231, '::1', '2022-03-27'),
(3232, '::1', '2022-03-27'),
(3233, '::1', '2022-03-27'),
(3234, '::1', '2022-03-27'),
(3235, '::1', '2022-03-27'),
(3236, '::1', '2022-03-27'),
(3237, '::1', '2022-03-27'),
(3238, '::1', '2022-03-27'),
(3239, '::1', '2022-03-27'),
(3240, '::1', '2022-03-27'),
(3241, '::1', '2022-03-27'),
(3242, '::1', '2022-03-27'),
(3243, '::1', '2022-03-27'),
(3244, '::1', '2022-03-27'),
(3245, '::1', '2022-03-27'),
(3246, '::1', '2022-03-27'),
(3247, '::1', '2022-03-27'),
(3248, '::1', '2022-03-27'),
(3249, '::1', '2022-03-27'),
(3250, '::1', '2022-03-27'),
(3251, '::1', '2022-03-27'),
(3252, '::1', '2022-03-27');

--
-- Indexes for dumped tables
--

--
-- Indexes for table `adminlog`
--
ALTER TABLE `adminlog`
  ADD PRIMARY KEY (`id`),
  ADD KEY `loginId` (`loginId`);

--
-- Indexes for table `archiveuser`
--
ALTER TABLE `archiveuser`
  ADD PRIMARY KEY (`id`);

--
-- Indexes for table `celebration`
--
ALTER TABLE `celebration`
  ADD PRIMARY KEY (`keepingID`);

--
-- Indexes for table `client`
--
ALTER TABLE `client`
  ADD PRIMARY KEY (`c_count`),
  ADD UNIQUE KEY `client_uniID` (`client_uniID`),
  ADD UNIQUE KEY `email_add` (`email_add`);

--
-- Indexes for table `email`
--
ALTER TABLE `email`
  ADD PRIMARY KEY (`emailID`);

--
-- Indexes for table `events`
--
ALTER TABLE `events`
  ADD PRIMARY KEY (`eventID`);

--
-- Indexes for table `event_reservation`
--
ALTER TABLE `event_reservation`
  ADD PRIMARY KEY (`entryID`);

--
-- Indexes for table `login`
--
ALTER TABLE `login`
  ADD PRIMARY KEY (`loginId`);

--
-- Indexes for table `profile`
--
ALTER TABLE `profile`
  ADD PRIMARY KEY (`id`),
  ADD KEY `loginId` (`loginId`);

--
-- Indexes for table `scheduler`
--
ALTER TABLE `scheduler`
  ADD PRIMARY KEY (`id`);

--
-- Indexes for table `sent_email`
--
ALTER TABLE `sent_email`
  ADD PRIMARY KEY (`sentID`);

--
-- Indexes for table `services`
--
ALTER TABLE `services`
  ADD PRIMARY KEY (`number`),
  ADD UNIQUE KEY `service_uniID` (`service_uniID`(599));

--
-- Indexes for table `services_category`
--
ALTER TABLE `services_category`
  ADD PRIMARY KEY (`number`),
  ADD UNIQUE KEY `category_uniID` (`category_uniID`);

--
-- Indexes for table `services_sub_category`
--
ALTER TABLE `services_sub_category`
  ADD PRIMARY KEY (`number`),
  ADD UNIQUE KEY `sub_cat_uniID` (`sub_cat_uniID`);

--
-- Indexes for table `visitors`
--
ALTER TABLE `visitors`
  ADD PRIMARY KEY (`visitorsID`);

--
-- AUTO_INCREMENT for dumped tables
--

--
-- AUTO_INCREMENT for table `adminlog`
--
ALTER TABLE `adminlog`
  MODIFY `id` int(11) NOT NULL AUTO_INCREMENT, AUTO_INCREMENT=204;

--
-- AUTO_INCREMENT for table `archiveuser`
--
ALTER TABLE `archiveuser`
  MODIFY `id` int(11) NOT NULL AUTO_INCREMENT, AUTO_INCREMENT=6;

--
-- AUTO_INCREMENT for table `celebration`
--
ALTER TABLE `celebration`
  MODIFY `keepingID` int(150) NOT NULL AUTO_INCREMENT, AUTO_INCREMENT=4;

--
-- AUTO_INCREMENT for table `client`
--
ALTER TABLE `client`
  MODIFY `c_count` int(150) NOT NULL AUTO_INCREMENT, AUTO_INCREMENT=42;

--
-- AUTO_INCREMENT for table `email`
--
ALTER TABLE `email`
  MODIFY `emailID` int(150) NOT NULL AUTO_INCREMENT, AUTO_INCREMENT=17;

--
-- AUTO_INCREMENT for table `events`
--
ALTER TABLE `events`
  MODIFY `eventID` int(150) NOT NULL AUTO_INCREMENT, AUTO_INCREMENT=9;

--
-- AUTO_INCREMENT for table `event_reservation`
--
ALTER TABLE `event_reservation`
  MODIFY `entryID` int(150) NOT NULL AUTO_INCREMENT, AUTO_INCREMENT=61;

--
-- AUTO_INCREMENT for table `login`
--
ALTER TABLE `login`
  MODIFY `loginId` int(11) NOT NULL AUTO_INCREMENT, AUTO_INCREMENT=26;

--
-- AUTO_INCREMENT for table `profile`
--
ALTER TABLE `profile`
  MODIFY `id` int(11) NOT NULL AUTO_INCREMENT, AUTO_INCREMENT=21;

--
-- AUTO_INCREMENT for table `scheduler`
--
ALTER TABLE `scheduler`
  MODIFY `id` int(45) NOT NULL AUTO_INCREMENT, AUTO_INCREMENT=10;

--
-- AUTO_INCREMENT for table `sent_email`
--
ALTER TABLE `sent_email`
  MODIFY `sentID` int(150) NOT NULL AUTO_INCREMENT, AUTO_INCREMENT=15;

--
-- AUTO_INCREMENT for table `services`
--
ALTER TABLE `services`
  MODIFY `number` int(100) NOT NULL AUTO_INCREMENT, AUTO_INCREMENT=16;

--
-- AUTO_INCREMENT for table `services_category`
--
ALTER TABLE `services_category`
  MODIFY `number` int(100) NOT NULL AUTO_INCREMENT, AUTO_INCREMENT=10;

--
-- AUTO_INCREMENT for table `services_sub_category`
--
ALTER TABLE `services_sub_category`
  MODIFY `number` int(100) NOT NULL AUTO_INCREMENT, AUTO_INCREMENT=43;

--
-- AUTO_INCREMENT for table `visitors`
--
ALTER TABLE `visitors`
  MODIFY `visitorsID` int(100) NOT NULL AUTO_INCREMENT, AUTO_INCREMENT=3253;

--
-- Constraints for dumped tables
--

--
-- Constraints for table `adminlog`
--
ALTER TABLE `adminlog`
  ADD CONSTRAINT `adminlog_ibfk_1` FOREIGN KEY (`loginId`) REFERENCES `login` (`loginId`) ON DELETE CASCADE ON UPDATE CASCADE;

--
-- Constraints for table `profile`
--
ALTER TABLE `profile`
  ADD CONSTRAINT `profile_ibfk_1` FOREIGN KEY (`loginId`) REFERENCES `login` (`loginId`) ON DELETE CASCADE ON UPDATE CASCADE;
COMMIT;

/*!40101 SET CHARACTER_SET_CLIENT=@OLD_CHARACTER_SET_CLIENT */;
/*!40101 SET CHARACTER_SET_RESULTS=@OLD_CHARACTER_SET_RESULTS */;
/*!40101 SET COLLATION_CONNECTION=@OLD_COLLATION_CONNECTION */;
